{"stats":{"minecraft:custom":{"minecraft:mob_kills":136,"minecraft:animals_bred":3,"minecraft:interact_with_crafting_table":72,"minecraft:open_barrel":24,"goblintraders:trade_with_goblin":20,"minecraft:interact_with_campfire":33,"minecraft:damage_dealt_resisted":741,"minecraft:leave_game":3,"minecraft:time_since_death":307692,"minecraft:climb_one_cm":10858,"minecraft:sprint_one_cm":621310,"minecraft:walk_one_cm":2754856,"minecraft:drop":42,"minecraft:damage_dealt_absorbed":40,"minecraft:talked_to_villager":1,"minecraft:play_time":520019,"minecraft:deaths":3,"minecraft:sneak_time":18232,"minecraft:walk_under_water_one_cm":41014,"minecraft:boat_one_cm":239435,"minecraft:jump":3048,"minecraft:interact_with_blast_furnace":4,"minecraft:walk_on_water_one_cm":62363,"minecraft:total_world_time":520019,"minecraft:interact_with_furnace":28,"minecraft:tune_noteblock":1,"minecraft:interact_with_cartography_table":1,"minecraft:interact_with_stonecutter":1,"minecraft:interact_with_grindstone":1,"minecraft:sleep_in_bed":5,"minecraft:time_since_rest":307787,"minecraft:damage_taken":5409,"minecraft:damage_dealt":20683,"minecraft:swim_one_cm":12853,"minecraft:fly_one_cm":71061,"minecraft:open_chest":265,"minecraft:crouch_one_cm":35934,"minecraft:interact_with_smoker":9,"minecraft:fall_one_cm":23670},"minecraft:dropped":{"minecraft:lantern":1,"minecraft:stick":10,"minecraft:milk_bucket":1,"minecraft:mutton":11,"minecraft:snowball":1,"minecraft:wooden_sword":1,"minecraft:pumpkin":1,"minecraft:iron_pickaxe":1,"minecraft:string":4,"minecraft:spruce_sapling":2,"minecraft:stone_axe":1,"minecraft:cooked_chicken":1,"minecraft:birch_sapling":1,"minecraft:rotten_flesh":4,"minecraft:filled_map":1,"minecraft:poppy":1,"minecraft:oak_button":2,"minecraft:spruce_trapdoor":1,"minecraft:oak_sapling":1},"minecraft:killed":{"minecraft:evoker":1,"minecraft:cave_spider":6,"minecraft:spider":11,"minecraft:skeleton":15,"minecraft:chicken":9,"minecraft:wolf":3,"minecraft:pig":16,"minecraft:bat":2,"minecraft:sheep":24,"minecraft:zombie":35,"minecraft:stray":2,"minecraft:wither_skeleton":4,"minecraft:enderman":2,"minecraft:cow":2},"minecraft:killed_by":{"minecraft:cave_spider":2,"minecraft:witch":1},"minecraft:broken":{"minecraft:iron_shovel":3,"minecraft:stone_sword":1,"minecraft:iron_boots":1,"minecraft:iron_leggings":1,"minecraft:wooden_pickaxe":4,"minecraft:stone_pickaxe":2,"minecraft:stone_axe":1,"minecraft:iron_sword":2,"minecraft:iron_pickaxe":1,"minecraft:iron_helmet":1,"minecraft:wooden_axe":1},"minecraft:used":{"minecraft:oak_fence":17,"minecraft:jack_o_lantern":1,"minecraft:stone_sword":159,"minecraft:iron_shovel":794,"minecraft:carved_pumpkin":1,"minecraft:ladder":4,"minecraft:chest":3,"minecraft:iron_sword":646,"minecraft:cooked_chicken":1,"minecraft:wooden_shovel":13,"minecraft:oak_door":2,"minecraft:torch":121,"minecraft:dirt":851,"minecraft:mutton":7,"minecraft:granite":32,"minecraft:azure_bluet":1,"minecraft:oak_fence_gate":5,"minecraft:birch_door":7,"minecraft:spruce_boat":1,"minecraft:iron_hoe":149,"minecraft:wooden_axe":39,"minecraft:lantern":5,"minecraft:oak_stairs":14,"minecraft:birch_sapling":2,"minecraft:iron_axe":172,"minecraft:furnace":2,"minecraft:oak_sapling":1,"moonsweaponry:diamond_katana":40,"minecraft:cooked_beef":18,"minecraft:cobbled_deepslate":107,"minecraft:pumpkin":3,"minecraft:wheat_seeds":65,"minecraft:cooked_mutton":3,"minecraft:water_bucket":24,"minecraft:diorite":3,"minecraft:spruce_door":1,"minecraft:birch_planks":204,"minecraft:bundle":1,"minecraft:stone_pickaxe":295,"minecraft:oak_planks":206,"minecraft:baked_potato":4,"minecraft:wooden_pickaxe":178,"minecraft:crafting_table":6,"minecraft:campfire":1,"minecraft:white_bed":5,"minecraft:black_bed":1,"minecraft:birch_fence":115,"minecraft:apple":19,"minecraft:birch_fence_gate":1,"minecraft:birch_slab":137,"minecraft:bread":20,"minecraft:iron_pickaxe":450,"minecraft:gravel":1,"minecraft:stone_axe":239,"minecraft:wooden_sword":38,"minecraft:cobblestone":107,"minecraft:porkchop":3,"minecraft:bucket":21,"minecraft:cooked_porkchop":12,"minecraft:andesite":7},"minecraft:picked_up":{"minecraft:charcoal":6,"minecraft:birch_door":5,"minecraft:iron_chestplate":2,"minecraft:crafting_table":5,"quark:white_corundum_cluster":4,"minecraft:wheat":47,"minecraft:azure_bluet":4,"minecraft:chicken":8,"minecraft:ladder":6,"minecraft:brown_mushroom":11,"minecraft:oak_stairs":2,"minecraft:enchanted_book":3,"minecraft:diamond_horse_armor":1,"minecraft:amethyst_block":11,"minecraft:cornflower":1,"minecraft:string":45,"minecraft:iron_leggings":2,"minecraft:iron_shovel":1,"minecraft:birch_fence":70,"minecraft:zombie_head":1,"minecraft:cobbled_deepslate":171,"minecraft:beef":2,"minecraft:calcite":116,"minecraft:poppy":6,"minecraft:iron_pickaxe":2,"minecraft:light_gray_wool":2,"minecraft:lectern":1,"minecraft:sugar_cane":17,"minecraft:chest":5,"minecraft:birch_sapling":4,"minecraft:spruce_trapdoor":1,"minecraft:iron_boots":1,"minecraft:egg":13,"minecraft:tipped_arrow":2,"minecraft:stick":9,"minecraft:raw_iron":65,"minecraft:oak_fence":13,"minecraft:torch":59,"sophisticatedbackpacks:backpack":1,"minecraft:porkchop":25,"minecraft:diorite":7,"minecraft:redstone":211,"moonsweaponry:diamond_katana":1,"minecraft:arrow":21,"minecraft:rotten_flesh":37,"minecraft:hay_block":3,"minecraft:carved_pumpkin":2,"minecraft:totem_of_undying":1,"minecraft:mutton":38,"minecraft:bone_block":41,"minecraft:snowball":17,"minecraft:white_wool":18,"minecraft:cobblestone":149,"minecraft:oxeye_daisy":1,"minecraft:birch_log":85,"minecraft:feather":9,"minecraft:cooked_beef":6,"minecraft:birch_slab":4,"minecraft:andesite":8,"minecraft:water_bucket":2,"quark:white_corundum":3,"minecraft:leather":1,"minecraft:birch_planks":23,"minecraft:filled_map":1,"minecraft:tuff":2,"minecraft:oak_log":73,"minecraft:gunpowder":2,"minecraft:lapis_lazuli":43,"minecraft:dirt":1043,"minecraft:lantern":10,"minecraft:cooked_mutton":2,"minecraft:bone":19,"minecraft:apple":2,"minecraft:bow":4,"minecraft:wheat_seeds":138,"minecraft:raw_gold":4,"minecraft:stone_pickaxe":1,"minecraft:oak_fence_gate":3,"minecraft:cooked_chicken":1,"minecraft:oak_planks":43,"minecraft:iron_sword":1,"minecraft:book":60,"minecraft:smooth_basalt":4,"minecraft:black_candle":4,"minecraft:cooked_porkchop":6,"minecraft:pumpkin":20,"minecraft:sweet_berries":14,"quark:shale":7,"minecraft:dandelion":11,"minecraft:gravel":3,"minecraft:birch_fence_gate":1,"minecraft:sand":63,"minecraft:spruce_sapling":4,"minecraft:spruce_log":47,"minecraft:spruce_door":1,"minecraft:barrel":1,"minecraft:spider_eye":3,"minecraft:bundle":1,"minecraft:diamond":6,"minecraft:stone_axe":1,"minecraft:spruce_boat":1,"minecraft:redstone_ore":4,"minecraft:iron_helmet":1,"minecraft:granite":21,"minecraft:gray_wool":1,"minecraft:emerald":1,"minecraft:bread":19,"minecraft:oak_button":2,"minecraft:baked_potato":4,"minecraft:oak_sapling":3,"minecraft:black_wool":2,"minecraft:coal":117,"minecraft:ender_pearl":2},"minecraft:crafted":{"minecraft:black_dye":1,"minecraft:oak_door":3,"minecraft:oak_planks":180,"minecraft:coal":3,"minecraft:cooked_chicken":2,"minecraft:birch_slab":138,"minecraft:furnace":2,"minecraft:jack_o_lantern":1,"minecraft:glass":36,"minecraft:iron_axe":1,"minecraft:iron_hoe":1,"minecraft:stone_pickaxe":2,"minecraft:birch_door":3,"minecraft:black_wool":1,"minecraft:oak_fence":9,"minecraft:cooked_beef":7,"minecraft:cooked_porkchop":8,"minecraft:crafting_table":2,"minecraft:spruce_planks":44,"minecraft:wooden_pickaxe":4,"minecraft:iron_helmet":1,"minecraft:iron_sword":3,"minecraft:birch_planks":300,"minecraft:campfire":1,"minecraft:stone_axe":1,"minecraft:bread":13,"minecraft:air":0,"minecraft:oak_fence_gate":2,"minecraft:birch_fence":45,"minecraft:stick":92,"minecraft:flint":4,"minecraft:iron_ingot":40,"minecraft:iron_pickaxe":1,"minecraft:oak_stairs":28,"minecraft:wooden_axe":1,"minecraft:stone_sword":2,"minecraft:iron_shovel":2,"minecraft:iron_leggings":1,"minecraft:gold_ingot":6,"minecraft:black_bed":1,"minecraft:white_bed":5,"minecraft:torch":76},"minecraft:mined":{"minecraft:tuff":1,"minecraft:oak_sapling":2,"quark:shale":7,"minecraft:deepslate_diamond_ore":4,"minecraft:oak_door":1,"minecraft:potted_blue_orchid":1,"minecraft:carved_pumpkin":2,"minecraft:ladder":6,"minecraft:spruce_trapdoor":1,"minecraft:glow_lichen":1,"gravestone:gravestone":2,"minecraft:granite":22,"minecraft:grass_block":676,"quark:white_corundum":3,"minecraft:spruce_leaves":33,"minecraft:birch_slab":4,"minecraft:oxeye_daisy":1,"minecraft:large_fern":35,"minecraft:hay_block":3,"minecraft:redstone_ore":4,"diagonalfences:minecraft/birch_fence":36,"minecraft:iron_ore":36,"minecraft:cobbled_deepslate":21,"minecraft:barrel":2,"minecraft:snow":1,"minecraft:andesite":8,"minecraft:pumpkin":20,"minecraft:deepslate_lapis_ore":6,"minecraft:azure_bluet":4,"minecraft:bookshelf":20,"farmersdelight:rope":1,"minecraft:deepslate_iron_ore":25,"minecraft:oak_stairs":2,"minecraft:lantern":9,"ironchest:iron_chest":1,"minecraft:black_candle":2,"minecraft:packed_ice":14,"minecraft:stone":159,"minecraft:bone_block":30,"minecraft:deepslate_redstone_ore":42,"minecraft:brown_mushroom":12,"minecraft:dandelion":10,"minecraft:oak_fence":5,"minecraft:crafting_table":5,"minecraft:torch":22,"quark:white_corundum_cluster":1,"diagonalfences:minecraft/oak_fence":9,"minecraft:calcite":122,"minecraft:poppy":2,"minecraft:chest":5,"minecraft:campfire":2,"minecraft:lectern":1,"minecraft:cobblestone":1,"minecraft:tall_grass":68,"minecraft:oak_planks":43,"minecraft:sugar_cane":1,"minecraft:diorite":7,"minecraft:wall_torch":20,"minecraft:amethyst_block":11,"minecraft:birch_sapling":1,"minecraft:birch_planks":24,"minecraft:birch_log":53,"minecraft:sweet_berry_bush":13,"minecraft:spruce_log":49,"minecraft:birch_leaves":3,"minecraft:birch_door":3,"minecraft:grass":396,"minecraft:coal_ore":104,"minecraft:oak_log":48,"minecraft:oak_fence_gate":3,"minecraft:gravel":2,"minecraft:sand":67,"minecraft:dirt":306,"minecraft:cobweb":30,"minecraft:smooth_basalt":4,"minecraft:oak_button":1,"minecraft:oak_leaves":9,"minecraft:deepslate":170,"minecraft:fern":40}},"DataVersion":3465}