{"stats":{"minecraft:mined":{"quark:shale":7,"minecraft:oak_door":1,"minecraft:glow_lichen":1,"minecraft:ladder":6,"minecraft:granite":22,"minecraft:grass_block":4,"quark:white_corundum":3,"minecraft:spruce_leaves":27,"minecraft:large_fern":12,"minecraft:hay_block":3,"minecraft:cobbled_deepslate":3,"minecraft:iron_ore":20,"minecraft:barrel":2,"minecraft:snow":1,"minecraft:andesite":8,"minecraft:pumpkin":16,"minecraft:deepslate_lapis_ore":3,"minecraft:deepslate_iron_ore":12,"minecraft:lantern":9,"minecraft:black_candle":2,"minecraft:stone":126,"minecraft:deepslate_redstone_ore":10,"minecraft:brown_mushroom":12,"minecraft:oak_fence":1,"minecraft:crafting_table":3,"minecraft:torch":2,"quark:white_corundum_cluster":1,"minecraft:chest":5,"minecraft:lectern":1,"minecraft:campfire":2,"minecraft:cobblestone":1,"minecraft:oak_planks":14,"minecraft:diorite":7,"minecraft:wall_torch":5,"minecraft:spruce_log":28,"minecraft:grass":5,"minecraft:coal_ore":100,"minecraft:gravel":2,"minecraft:sand":15,"minecraft:dirt":6,"minecraft:cobweb":29,"minecraft:oak_button":1,"minecraft:deepslate":37,"minecraft:fern":29},"minecraft:killed":{"minecraft:evoker":1,"minecraft:cave_spider":1,"minecraft:spider":3,"minecraft:skeleton":2,"minecraft:chicken":8,"minecraft:wolf":3,"minecraft:pig":11,"minecraft:bat":2,"minecraft:sheep":15,"minecraft:zombie":14,"minecraft:stray":2,"minecraft:wither_skeleton":4},"minecraft:killed_by":{"minecraft:cave_spider":2},"minecraft:custom":{"minecraft:mob_kills":67,"minecraft:interact_with_crafting_table":29,"minecraft:open_barrel":17,"minecraft:interact_with_campfire":14,"minecraft:damage_dealt_resisted":699,"minecraft:leave_game":1,"minecraft:time_since_death":1098,"minecraft:climb_one_cm":3255,"minecraft:sprint_one_cm":60007,"minecraft:walk_one_cm":1121250,"minecraft:drop":24,"minecraft:talked_to_villager":1,"minecraft:play_time":183008,"minecraft:deaths":2,"minecraft:sneak_time":6353,"minecraft:walk_under_water_one_cm":15120,"minecraft:jump":1199,"minecraft:walk_on_water_one_cm":29031,"minecraft:total_world_time":183008,"minecraft:interact_with_furnace":21,"minecraft:interact_with_cartography_table":1,"minecraft:interact_with_grindstone":1,"minecraft:sleep_in_bed":4,"minecraft:time_since_rest":1317,"minecraft:damage_taken":2260,"minecraft:damage_dealt":8868,"minecraft:fly_one_cm":9332,"minecraft:swim_one_cm":3597,"minecraft:open_chest":72,"minecraft:crouch_one_cm":9726,"minecraft:fall_one_cm":9731},"minecraft:broken":{"minecraft:wooden_pickaxe":4,"minecraft:stone_pickaxe":1,"minecraft:iron_sword":1,"minecraft:wooden_axe":1},"minecraft:picked_up":{"minecraft:charcoal":4,"minecraft:iron_chestplate":1,"minecraft:crafting_table":3,"quark:white_corundum_cluster":4,"minecraft:chicken":8,"minecraft:ladder":6,"minecraft:brown_mushroom":11,"minecraft:enchanted_book":3,"minecraft:string":30,"minecraft:iron_leggings":1,"minecraft:cobbled_deepslate":42,"minecraft:poppy":2,"minecraft:iron_pickaxe":1,"minecraft:light_gray_wool":2,"minecraft:lectern":1,"minecraft:chest":5,"minecraft:iron_boots":1,"minecraft:egg":4,"minecraft:tipped_arrow":2,"minecraft:raw_iron":32,"minecraft:stick":7,"minecraft:oak_fence":1,"minecraft:torch":8,"minecraft:porkchop":20,"minecraft:diorite":7,"minecraft:redstone":48,"minecraft:arrow":7,"minecraft:rotten_flesh":16,"minecraft:hay_block":3,"minecraft:totem_of_undying":1,"minecraft:mutton":24,"minecraft:snowball":17,"minecraft:white_wool":11,"minecraft:cobblestone":125,"minecraft:feather":9,"minecraft:cooked_beef":6,"minecraft:andesite":8,"quark:white_corundum":3,"minecraft:oak_log":1,"minecraft:lapis_lazuli":19,"minecraft:dirt":30,"minecraft:lantern":10,"minecraft:cooked_mutton":2,"minecraft:bone":6,"minecraft:apple":2,"minecraft:bow":1,"minecraft:wheat_seeds":5,"minecraft:stone_pickaxe":1,"minecraft:cooked_chicken":1,"minecraft:oak_planks":14,"minecraft:black_candle":4,"minecraft:cooked_porkchop":1,"minecraft:pumpkin":16,"minecraft:sweet_berries":2,"quark:shale":7,"minecraft:gravel":1,"minecraft:sand":15,"minecraft:spruce_sapling":4,"minecraft:spruce_log":26,"minecraft:spruce_door":1,"minecraft:barrel":1,"minecraft:iron_helmet":1,"minecraft:granite":21,"minecraft:gray_wool":1,"minecraft:emerald":1,"minecraft:oak_button":2,"minecraft:coal":97},"minecraft:dropped":{"minecraft:lantern":1,"minecraft:stick":10,"minecraft:mutton":3,"minecraft:snowball":1,"minecraft:spruce_sapling":2,"minecraft:cooked_chicken":1,"minecraft:rotten_flesh":4,"minecraft:poppy":1,"minecraft:oak_button":2},"minecraft:used":{"minecraft:stone_sword":109,"minecraft:ladder":4,"minecraft:chest":2,"minecraft:iron_sword":223,"minecraft:wooden_shovel":13,"minecraft:oak_door":2,"minecraft:torch":9,"minecraft:dirt":49,"minecraft:mutton":5,"minecraft:granite":32,"minecraft:wooden_axe":39,"minecraft:lantern":5,"minecraft:iron_axe":31,"minecraft:furnace":1,"minecraft:cooked_beef":2,"minecraft:cobbled_deepslate":42,"minecraft:cooked_mutton":1,"minecraft:water_bucket":1,"minecraft:diorite":3,"minecraft:spruce_door":1,"minecraft:stone_pickaxe":211,"minecraft:oak_planks":14,"minecraft:wooden_pickaxe":178,"minecraft:crafting_table":4,"minecraft:white_bed":3,"minecraft:campfire":1,"minecraft:apple":19,"minecraft:bread":1,"minecraft:iron_pickaxe":90,"minecraft:gravel":1,"minecraft:stone_axe":35,"minecraft:cobblestone":97,"minecraft:porkchop":2,"minecraft:cooked_porkchop":7,"minecraft:andesite":7},"minecraft:crafted":{"minecraft:oak_door":3,"minecraft:cooked_chicken":2,"minecraft:furnace":1,"minecraft:iron_axe":1,"minecraft:stone_pickaxe":2,"minecraft:cooked_porkchop":8,"minecraft:crafting_table":2,"minecraft:spruce_planks":44,"minecraft:wooden_pickaxe":4,"minecraft:iron_sword":1,"minecraft:campfire":1,"minecraft:stone_axe":1,"minecraft:air":0,"minecraft:stick":52,"minecraft:iron_ingot":14,"minecraft:iron_pickaxe":1,"minecraft:wooden_axe":1,"minecraft:stone_sword":2,"minecraft:white_bed":3,"minecraft:torch":28}},"DataVersion":3465}