{"stats":{"minecraft:broken":{"minecraft:stone_sword":1,"minecraft:wooden_pickaxe":4,"minecraft:stone_pickaxe":2,"minecraft:iron_sword":1,"minecraft:iron_pickaxe":1,"minecraft:wooden_axe":1},"minecraft:picked_up":{"minecraft:charcoal":4,"minecraft:crafting_table":3,"minecraft:iron_chestplate":2,"quark:white_corundum_cluster":4,"minecraft:chicken":8,"minecraft:ladder":6,"minecraft:brown_mushroom":11,"minecraft:enchanted_book":3,"minecraft:diamond_horse_armor":1,"minecraft:amethyst_block":11,"minecraft:string":42,"minecraft:iron_leggings":2,"minecraft:zombie_head":1,"minecraft:cobbled_deepslate":168,"minecraft:calcite":116,"minecraft:poppy":2,"minecraft:iron_pickaxe":2,"minecraft:light_gray_wool":2,"minecraft:lectern":1,"minecraft:sugar_cane":17,"minecraft:chest":5,"minecraft:spruce_trapdoor":1,"minecraft:iron_boots":1,"minecraft:egg":5,"minecraft:tipped_arrow":2,"minecraft:stick":7,"minecraft:raw_iron":45,"minecraft:oak_fence":4,"minecraft:torch":24,"minecraft:porkchop":20,"minecraft:diorite":7,"minecraft:redstone":182,"minecraft:arrow":12,"minecraft:rotten_flesh":33,"minecraft:hay_block":3,"minecraft:totem_of_undying":1,"minecraft:mutton":24,"minecraft:bone_block":41,"minecraft:snowball":17,"minecraft:white_wool":11,"minecraft:cobblestone":139,"minecraft:feather":9,"minecraft:cooked_beef":6,"quark:white_corundum":3,"minecraft:andesite":8,"minecraft:filled_map":1,"minecraft:tuff":2,"minecraft:oak_log":1,"minecraft:gunpowder":2,"minecraft:lapis_lazuli":43,"minecraft:dirt":30,"minecraft:lantern":10,"minecraft:cooked_mutton":2,"minecraft:bone":14,"minecraft:apple":2,"minecraft:bow":3,"minecraft:wheat_seeds":9,"minecraft:raw_gold":4,"minecraft:stone_pickaxe":1,"minecraft:cooked_chicken":1,"minecraft:iron_sword":1,"minecraft:oak_planks":21,"minecraft:book":60,"minecraft:smooth_basalt":4,"minecraft:black_candle":4,"minecraft:cooked_porkchop":1,"minecraft:pumpkin":16,"minecraft:sweet_berries":2,"quark:shale":7,"minecraft:gravel":3,"minecraft:sand":15,"minecraft:spruce_sapling":4,"minecraft:spruce_log":47,"minecraft:spider_eye":1,"minecraft:spruce_door":1,"minecraft:barrel":1,"minecraft:bundle":1,"minecraft:diamond":6,"minecraft:spruce_boat":1,"minecraft:iron_helmet":1,"minecraft:granite":21,"minecraft:gray_wool":1,"minecraft:bread":7,"minecraft:emerald":1,"minecraft:oak_button":2,"minecraft:baked_potato":4,"minecraft:coal":113,"minecraft:ender_pearl":1},"minecraft:mined":{"minecraft:tuff":1,"minecraft:deepslate_diamond_ore":4,"quark:shale":7,"minecraft:oak_door":1,"minecraft:potted_blue_orchid":1,"minecraft:spruce_trapdoor":1,"gravestone:gravestone":2,"minecraft:glow_lichen":1,"minecraft:ladder":6,"minecraft:granite":22,"minecraft:grass_block":4,"quark:white_corundum":3,"minecraft:spruce_leaves":33,"minecraft:large_fern":35,"minecraft:hay_block":3,"minecraft:cobbled_deepslate":21,"minecraft:iron_ore":20,"minecraft:barrel":2,"minecraft:snow":1,"minecraft:andesite":8,"minecraft:pumpkin":16,"minecraft:deepslate_lapis_ore":6,"minecraft:bookshelf":20,"farmersdelight:rope":1,"minecraft:deepslate_iron_ore":21,"minecraft:lantern":9,"ironchest:iron_chest":1,"minecraft:packed_ice":14,"minecraft:black_candle":2,"minecraft:stone":149,"minecraft:bone_block":30,"minecraft:deepslate_redstone_ore":36,"minecraft:brown_mushroom":12,"minecraft:crafting_table":3,"minecraft:oak_fence":5,"minecraft:torch":13,"quark:white_corundum_cluster":1,"minecraft:calcite":122,"minecraft:chest":5,"minecraft:lectern":1,"minecraft:campfire":2,"minecraft:cobblestone":1,"minecraft:sugar_cane":1,"minecraft:oak_planks":21,"minecraft:diorite":7,"minecraft:wall_torch":9,"minecraft:amethyst_block":11,"minecraft:spruce_log":49,"minecraft:grass":11,"minecraft:oak_log":1,"minecraft:coal_ore":100,"minecraft:gravel":2,"minecraft:sand":15,"minecraft:dirt":7,"minecraft:cobweb":30,"minecraft:smooth_basalt":4,"minecraft:oak_button":1,"minecraft:deepslate":167,"minecraft:fern":40},"minecraft:crafted":{"minecraft:oak_door":3,"minecraft:oak_planks":4,"minecraft:coal":3,"minecraft:cooked_chicken":2,"minecraft:furnace":1,"minecraft:iron_axe":1,"minecraft:stone_pickaxe":2,"minecraft:cooked_porkchop":8,"minecraft:crafting_table":2,"minecraft:spruce_planks":44,"minecraft:wooden_pickaxe":4,"minecraft:iron_sword":3,"minecraft:campfire":1,"minecraft:stone_axe":1,"minecraft:air":0,"minecraft:stick":52,"minecraft:flint":4,"minecraft:iron_ingot":40,"minecraft:iron_pickaxe":1,"minecraft:wooden_axe":1,"minecraft:stone_sword":2,"minecraft:gold_ingot":6,"minecraft:white_bed":3,"minecraft:torch":28},"minecraft:killed":{"minecraft:evoker":1,"minecraft:cave_spider":6,"minecraft:spider":6,"minecraft:skeleton":7,"minecraft:chicken":9,"minecraft:wolf":3,"minecraft:pig":13,"minecraft:bat":2,"minecraft:sheep":15,"minecraft:zombie":26,"minecraft:stray":2,"minecraft:wither_skeleton":4,"minecraft:enderman":1},"minecraft:killed_by":{"minecraft:cave_spider":2,"minecraft:witch":1},"minecraft:dropped":{"minecraft:lantern":1,"minecraft:stick":10,"minecraft:mutton":3,"minecraft:snowball":1,"minecraft:wooden_sword":1,"minecraft:iron_pickaxe":1,"minecraft:string":4,"minecraft:spruce_sapling":2,"minecraft:cooked_chicken":1,"minecraft:rotten_flesh":4,"minecraft:filled_map":1,"minecraft:poppy":1,"minecraft:oak_button":2,"minecraft:spruce_trapdoor":1},"minecraft:custom":{"minecraft:mob_kills":98,"minecraft:interact_with_crafting_table":35,"minecraft:open_barrel":18,"goblintraders:trade_with_goblin":20,"minecraft:interact_with_campfire":24,"minecraft:damage_dealt_resisted":699,"minecraft:leave_game":2,"minecraft:time_since_death":101109,"minecraft:climb_one_cm":10858,"minecraft:sprint_one_cm":189292,"minecraft:walk_one_cm":1786200,"minecraft:drop":29,"minecraft:talked_to_villager":1,"minecraft:play_time":313436,"minecraft:deaths":3,"minecraft:sneak_time":14277,"minecraft:walk_under_water_one_cm":36207,"minecraft:boat_one_cm":239435,"minecraft:jump":1990,"minecraft:walk_on_water_one_cm":52548,"minecraft:total_world_time":313436,"minecraft:interact_with_furnace":24,"minecraft:tune_noteblock":1,"minecraft:interact_with_cartography_table":1,"minecraft:interact_with_grindstone":1,"minecraft:sleep_in_bed":5,"minecraft:time_since_rest":101204,"minecraft:damage_taken":3970,"minecraft:damage_dealt":14654,"minecraft:fly_one_cm":28938,"minecraft:swim_one_cm":12853,"minecraft:open_chest":148,"minecraft:crouch_one_cm":22451,"minecraft:interact_with_smoker":1,"minecraft:fall_one_cm":17535},"minecraft:used":{"minecraft:stone_sword":159,"minecraft:ladder":4,"minecraft:chest":3,"minecraft:iron_sword":426,"minecraft:cooked_chicken":1,"minecraft:wooden_shovel":13,"minecraft:oak_door":2,"minecraft:torch":38,"minecraft:dirt":64,"minecraft:mutton":5,"minecraft:granite":32,"minecraft:spruce_boat":1,"minecraft:wooden_axe":39,"minecraft:lantern":5,"minecraft:iron_axe":40,"minecraft:furnace":1,"minecraft:cooked_beef":4,"minecraft:cobbled_deepslate":107,"minecraft:cooked_mutton":3,"minecraft:water_bucket":2,"minecraft:diorite":3,"minecraft:spruce_door":1,"minecraft:bundle":1,"minecraft:stone_pickaxe":295,"minecraft:baked_potato":4,"minecraft:oak_planks":25,"minecraft:wooden_pickaxe":178,"minecraft:crafting_table":4,"minecraft:campfire":1,"minecraft:white_bed":3,"minecraft:apple":19,"minecraft:bread":8,"minecraft:iron_pickaxe":403,"minecraft:gravel":1,"minecraft:stone_axe":81,"minecraft:wooden_sword":38,"minecraft:cobblestone":106,"minecraft:porkchop":2,"minecraft:cooked_porkchop":12,"minecraft:andesite":7}},"DataVersion":3465}