{"stats":{"minecraft:dropped":{"minecraft:oak_log":16,"minecraft:cooked_porkchop":5,"minecraft:lantern":1,"minecraft:mutton":11,"minecraft:snowball":1,"gravestone:obituary":3,"minecraft:wooden_sword":1,"minecraft:iron_pickaxe":2,"minecraft:stone_axe":1,"minecraft:cooked_chicken":1,"minecraft:birch_sapling":1,"minecraft:rotten_flesh":4,"minecraft:poppy":1,"minecraft:stick":10,"minecraft:milk_bucket":1,"minecraft:pumpkin":1,"minecraft:string":4,"minecraft:spruce_sapling":2,"minecraft:filled_map":1,"minecraft:cobblestone_slab":2,"minecraft:oak_button":2,"minecraft:spruce_trapdoor":1,"minecraft:andesite":3,"minecraft:oak_sapling":1,"sophisticatedbackpacks:copper_backpack":1},"minecraft:custom":{"minecraft:animals_bred":6,"minecraft:interact_with_crafting_table":81,"minecraft:open_barrel":25,"goblintraders:trade_with_goblin":26,"minecraft:leave_game":3,"minecraft:time_since_death":84158,"minecraft:sprint_one_cm":636955,"minecraft:drop":52,"minecraft:talked_to_villager":2,"minecraft:play_time":657324,"minecraft:deaths":5,"minecraft:jump":3703,"minecraft:walk_on_water_one_cm":85288,"minecraft:interact_with_furnace":28,"minecraft:interact_with_cartography_table":1,"minecraft:sleep_in_bed":5,"minecraft:damage_dealt":24825,"minecraft:crouch_one_cm":42358,"minecraft:interact_with_smoker":9,"minecraft:mob_kills":153,"minecraft:interact_with_campfire":37,"minecraft:damage_dealt_resisted":892,"minecraft:climb_one_cm":10858,"minecraft:walk_one_cm":3405081,"minecraft:damage_dealt_absorbed":40,"minecraft:sneak_time":35085,"minecraft:walk_under_water_one_cm":79034,"minecraft:boat_one_cm":239435,"minecraft:interact_with_blast_furnace":8,"minecraft:total_world_time":657324,"minecraft:tune_noteblock":1,"minecraft:interact_with_grindstone":1,"minecraft:interact_with_stonecutter":7,"minecraft:time_since_rest":84599,"minecraft:damage_taken":6765,"minecraft:swim_one_cm":16260,"minecraft:fly_one_cm":77318,"minecraft:open_chest":307,"minecraft:fall_one_cm":32124},"minecraft:killed":{"minecraft:cave_spider":7,"minecraft:witch":1,"minecraft:spider":11,"minecraft:skeleton":17,"minecraft:chicken":9,"minecraft:wolf":3,"minecraft:pig":16,"minecraft:sheep":24,"minecraft:zombie":46,"minecraft:stray":2,"minecraft:cow":2,"minecraft:evoker":1,"quark:toretoise":1,"minecraft:bat":2,"minecraft:wither_skeleton":4,"minecraft:enderman":3},"minecraft:crafted":{"minecraft:black_dye":1,"minecraft:oak_planks":180,"minecraft:cooked_chicken":2,"minecraft:birch_slab":138,"minecraft:glass":36,"minecraft:iron_boots":1,"minecraft:birch_door":3,"minecraft:black_wool":1,"minecraft:oak_fence":9,"minecraft:emerald":1,"minecraft:cooked_porkchop":8,"minecraft:crafting_table":2,"minecraft:spruce_planks":44,"minecraft:iron_helmet":2,"minecraft:wooden_pickaxe":4,"minecraft:birch_planks":344,"minecraft:campfire":1,"minecraft:iron_chestplate":1,"minecraft:birch_fence":54,"minecraft:stick":100,"minecraft:iron_ingot":96,"minecraft:iron_pickaxe":2,"minecraft:stone_sword":2,"minecraft:gold_ingot":12,"minecraft:black_bed":1,"minecraft:oak_door":3,"minecraft:coal":6,"minecraft:furnace":2,"minecraft:jack_o_lantern":1,"minecraft:iron_axe":1,"minecraft:iron_hoe":1,"quark:cobblestone_bricks":8,"minecraft:stone_pickaxe":2,"minecraft:cooked_beef":7,"minecraft:iron_sword":3,"minecraft:stone_axe":1,"minecraft:bread":13,"minecraft:air":0,"minecraft:oak_fence_gate":2,"minecraft:flint":4,"minecraft:oak_stairs":28,"minecraft:wooden_axe":1,"minecraft:iron_shovel":4,"minecraft:iron_leggings":2,"minecraft:white_bed":5,"minecraft:torch":92},"minecraft:mined":{"minecraft:oak_sapling":2,"minecraft:potted_blue_orchid":1,"minecraft:carved_pumpkin":2,"minecraft:spruce_trapdoor":1,"minecraft:granite":25,"minecraft:grass_block":802,"quark:white_corundum":3,"minecraft:deepslate_bricks":51,"minecraft:oxeye_daisy":1,"quark:glow_lichen_growth":2,"diagonalfences:minecraft/birch_fence":36,"minecraft:barrel":2,"minecraft:cobbled_deepslate":21,"minecraft:iron_ore":54,"minecraft:pumpkin":20,"minecraft:deepslate_lapis_ore":8,"minecraft:azure_bluet":4,"minecraft:oak_stairs":2,"minecraft:black_candle":2,"minecraft:deepslate_redstone_ore":50,"minecraft:brown_mushroom":12,"quark:cobblestone_bricks":9,"minecraft:torch":22,"quark:white_corundum_cluster":1,"diagonalfences:minecraft/oak_fence":9,"minecraft:calcite":122,"minecraft:poppy":2,"minecraft:chest":5,"minecraft:cobblestone":1,"minecraft:sugar_cane":1,"minecraft:oak_planks":43,"minecraft:wall_torch":22,"minecraft:amethyst_block":11,"minecraft:birch_sapling":1,"minecraft:birch_log":53,"minecraft:birch_door":3,"minecraft:grass":404,"minecraft:oak_log":48,"minecraft:oak_fence_gate":3,"minecraft:sand":67,"minecraft:dirt":1022,"minecraft:smooth_basalt":4,"minecraft:oak_leaves":9,"minecraft:deepslate":303,"minecraft:tuff":5,"minecraft:deepslate_diamond_ore":5,"quark:shale":7,"minecraft:oak_door":1,"minecraft:glow_lichen":1,"gravestone:gravestone":3,"minecraft:ladder":6,"minecraft:birch_slab":11,"minecraft:spruce_leaves":33,"minecraft:large_fern":35,"minecraft:hay_block":3,"minecraft:redstone_ore":4,"minecraft:snow":1,"minecraft:andesite":11,"minecraft:bookshelf":20,"minecraft:cobblestone_slab":10,"farmersdelight:rope":1,"minecraft:deepslate_iron_ore":57,"minecraft:lantern":9,"ironchest:iron_chest":1,"minecraft:packed_ice":14,"minecraft:stone":325,"minecraft:bone_block":30,"minecraft:dandelion":11,"minecraft:oak_fence":5,"minecraft:crafting_table":5,"minecraft:lectern":1,"minecraft:campfire":2,"minecraft:copper_ore":10,"minecraft:tall_grass":68,"minecraft:deepslate_gold_ore":5,"minecraft:diorite":7,"minecraft:birch_planks":31,"minecraft:sweet_berry_bush":13,"minecraft:spruce_log":49,"minecraft:birch_leaves":3,"minecraft:coal_ore":130,"minecraft:gravel":2,"minecraft:cobweb":30,"minecraft:oak_button":1,"minecraft:fern":40},"minecraft:killed_by":{"minecraft:cave_spider":3,"minecraft:witch":1,"minecraft:zombie":1},"minecraft:used":{"minecraft:jack_o_lantern":1,"minecraft:iron_shovel":1495,"minecraft:ladder":4,"minecraft:chest":3,"minecraft:iron_sword":646,"minecraft:mutton":7,"minecraft:azure_bluet":1,"minecraft:spruce_boat":1,"minecraft:lantern":5,"minecraft:birch_sapling":2,"minecraft:bow":6,"minecraft:furnace":2,"minecraft:oak_sapling":1,"moonsweaponry:diamond_katana":134,"minecraft:diorite":3,"minecraft:spruce_door":1,"minecraft:stone_pickaxe":295,"minecraft:oak_planks":206,"minecraft:wooden_pickaxe":178,"minecraft:sugar_cane":4,"minecraft:black_bed":1,"minecraft:birch_fence":115,"minecraft:birch_fence_gate":1,"minecraft:birch_slab":139,"minecraft:bread":37,"minecraft:gravel":1,"minecraft:wooden_sword":38,"minecraft:andesite":7,"minecraft:oak_fence":17,"minecraft:stone_sword":159,"minecraft:carved_pumpkin":1,"minecraft:wooden_shovel":13,"minecraft:cooked_chicken":1,"minecraft:oak_door":2,"minecraft:torch":163,"minecraft:dirt":983,"minecraft:granite":32,"minecraft:oak_fence_gate":5,"minecraft:birch_door":7,"minecraft:iron_hoe":149,"minecraft:wooden_axe":39,"minecraft:bookshelf":19,"minecraft:iron_axe":191,"minecraft:oak_stairs":23,"minecraft:cooked_beef":18,"minecraft:cobbled_deepslate":107,"minecraft:pumpkin":3,"minecraft:wheat_seeds":66,"minecraft:cooked_mutton":3,"minecraft:water_bucket":27,"quark:cobblestone_bricks":102,"minecraft:birch_planks":237,"minecraft:bundle":1,"minecraft:baked_potato":4,"minecraft:cobblestone_slab":10,"minecraft:deepslate_bricks":276,"minecraft:crafting_table":6,"minecraft:white_bed":5,"minecraft:campfire":1,"minecraft:apple":19,"minecraft:iron_pickaxe":943,"minecraft:stone_axe":239,"minecraft:cobblestone":107,"minecraft:cooked_porkchop":12,"minecraft:porkchop":3,"minecraft:bucket":24},"minecraft:picked_up":{"minecraft:iron_chestplate":2,"minecraft:birch_door":5,"minecraft:wheat":106,"minecraft:creeper_head":1,"minecraft:oak_stairs":2,"minecraft:enchanted_book":4,"minecraft:amethyst_block":11,"minecraft:string":45,"minecraft:raw_copper":35,"minecraft:iron_leggings":2,"minecraft:zombie_head":3,"minecraft:cobbled_deepslate":285,"minecraft:cobblestone_slab":10,"minecraft:calcite":116,"minecraft:iron_pickaxe":3,"minecraft:iron_boots":1,"minecraft:tipped_arrow":2,"minecraft:stick":9,"minecraft:oak_fence":13,"minecraft:torch":85,"minecraft:porkchop":25,"minecraft:diorite":7,"moonsweaponry:diamond_katana":1,"minecraft:rotten_flesh":57,"minecraft:carved_pumpkin":2,"minecraft:bookshelf":21,"minecraft:snowball":17,"minecraft:cobblestone":305,"minecraft:birch_log":85,"minecraft:feather":9,"minecraft:cooked_beef":6,"minecraft:water_bucket":2,"minecraft:birch_slab":10,"minecraft:andesite":14,"minecraft:flint":2,"minecraft:tuff":6,"minecraft:lapis_lazuli":49,"minecraft:dirt":1848,"minecraft:lantern":10,"minecraft:bone":20,"minecraft:bow":4,"minecraft:wheat_seeds":245,"minecraft:raw_gold":9,"minecraft:oak_planks":43,"minecraft:cooked_porkchop":6,"quark:shale":7,"minecraft:birch_fence_gate":1,"minecraft:sand":63,"minecraft:grass_block":1,"minecraft:barrel":1,"minecraft:bundle":1,"minecraft:diamond":6,"minecraft:spruce_boat":1,"minecraft:granite":24,"minecraft:bread":29,"minecraft:emerald":1,"minecraft:oak_sapling":3,"minecraft:charcoal":6,"minecraft:crafting_table":5,"quark:white_corundum_cluster":4,"minecraft:azure_bluet":4,"minecraft:chicken":8,"minecraft:ladder":6,"minecraft:leather_leggings":1,"minecraft:brown_mushroom":11,"minecraft:diamond_horse_armor":1,"gravestone:obituary":2,"minecraft:cornflower":1,"minecraft:iron_shovel":3,"minecraft:birch_fence":70,"minecraft:beef":2,"minecraft:poppy":6,"minecraft:light_gray_wool":2,"minecraft:lectern":1,"minecraft:sugar_cane":17,"minecraft:chest":5,"minecraft:birch_sapling":4,"minecraft:spruce_trapdoor":1,"minecraft:egg":17,"minecraft:raw_iron":112,"minecraft:stone":6,"sophisticatedbackpacks:backpack":2,"minecraft:redstone":243,"minecraft:arrow":21,"minecraft:deepslate_bricks":245,"minecraft:hay_block":3,"minecraft:totem_of_undying":1,"sophisticatedbackpacks:copper_backpack":1,"minecraft:mutton":38,"minecraft:white_wool":18,"minecraft:bone_block":41,"minecraft:oxeye_daisy":1,"quark:white_corundum":3,"minecraft:leather":1,"minecraft:filled_map":1,"minecraft:birch_planks":30,"minecraft:oak_log":86,"minecraft:gunpowder":2,"minecraft:cooked_mutton":2,"minecraft:apple":2,"minecraft:oak_fence_gate":3,"minecraft:stone_pickaxe":1,"minecraft:cooked_chicken":1,"minecraft:cobweb":7,"minecraft:glass_bottle":1,"minecraft:iron_sword":2,"minecraft:book":60,"minecraft:smooth_basalt":4,"minecraft:black_candle":4,"minecraft:pumpkin":20,"minecraft:sweet_berries":14,"minecraft:dandelion":12,"minecraft:gravel":4,"minecraft:spruce_sapling":4,"minecraft:spruce_log":47,"minecraft:spider_eye":5,"minecraft:spruce_door":1,"quark:cobblestone_bricks":85,"minecraft:stone_axe":1,"minecraft:iron_helmet":1,"minecraft:redstone_ore":4,"minecraft:gray_wool":1,"minecraft:oak_button":2,"minecraft:baked_potato":4,"minecraft:black_wool":2,"minecraft:coal":144,"minecraft:ender_pearl":2},"minecraft:broken":{"minecraft:iron_shovel":5,"minecraft:iron_boots":1,"minecraft:iron_chestplate":1,"minecraft:iron_leggings":1,"minecraft:stone_pickaxe":2,"minecraft:stone_axe":1,"minecraft:iron_sword":2,"minecraft:wooden_axe":1,"minecraft:stone_sword":1,"minecraft:wooden_pickaxe":4,"minecraft:iron_pickaxe":3,"minecraft:iron_helmet":1}},"DataVersion":3465}