{"stats":{"minecraft:picked_up":{"minecraft:coarse_dirt":4,"minecraft:crafting_table":2,"minecraft:chicken":5,"minecraft:stone_slab":2,"quark:hollow_oak_log":3,"minecraft:gold_block":8,"minecraft:cornflower":1,"minecraft:moss_carpet":2,"minecraft:raw_copper":3,"minecraft:white_carpet":3,"minecraft:cobbled_deepslate":1,"minecraft:spruce_planks":3,"minecraft:beef":9,"minecraft:cobblestone_slab":1,"minecraft:spruce_slab":9,"minecraft:sugar_cane":28,"minecraft:quartz_stairs":4,"minecraft:coal_block":1,"minecraft:birch_sapling":3,"minecraft:smooth_quartz_stairs":4,"minecraft:spruce_trapdoor":18,"minecraft:egg":7,"minecraft:furnace":1,"minecraft:raw_iron":15,"minecraft:stick":9,"minecraft:sandstone":3,"minecraft:torch":5,"minecraft:spruce_stairs":9,"minecraft:spruce_fence":22,"minecraft:porkchop":2,"minecraft:carrot":4,"minecraft:arrow":14,"minecraft:rotten_flesh":2,"minecraft:mutton":2,"minecraft:white_wool":29,"minecraft:cobblestone":22,"minecraft:birch_log":28,"minecraft:feather":6,"minecraft:cooked_beef":1,"minecraft:andesite":3,"minecraft:leather":4,"minecraft:brown_wool":1,"minecraft:birch_planks":2,"minecraft:oak_log":56,"minecraft:cobblestone_stairs":3,"minecraft:dirt":41,"minecraft:lantern":2,"minecraft:white_banner":8,"minecraft:bone":9,"minecraft:apple":1,"minecraft:wheat_seeds":12,"minecraft:deepslate_brick_slab":1,"minecraft:cooked_chicken":2,"minecraft:moss_block":3,"minecraft:oak_planks":5,"minecraft:dandelion":4,"minecraft:raw_iron_block":3,"minecraft:sand":14,"minecraft:barrel":1,"minecraft:spruce_sign":10,"minecraft:oak_sapling":3,"minecraft:coal":9},"minecraft:mined":{"minecraft:spruce_planks":3,"minecraft:quartz_stairs":4,"minecraft:cobblestone_stairs":3,"farmersdelight:wild_carrots":4,"minecraft:spruce_trapdoor":20,"minecraft:grass_block":37,"minecraft:spruce_fence":17,"minecraft:coal_block":1,"minecraft:moss_block":3,"minecraft:sandstone":3,"minecraft:deepslate_brick_slab":1,"minecraft:raw_iron_block":3,"minecraft:furnace":1,"minecraft:barrel":1,"minecraft:iron_ore":15,"minecraft:andesite":3,"minecraft:moss_carpet":1,"diagonalfences:minecraft/spruce_fence":5,"minecraft:dirt_path":1,"minecraft:cobblestone_slab":1,"minecraft:smooth_quartz_stairs":6,"minecraft:stone":21,"minecraft:white_wool":30,"minecraft:spruce_slab":9,"minecraft:dandelion":4,"minecraft:crafting_table":2,"minecraft:cornflower":1,"minecraft:torch":2,"minecraft:stone_slab":2,"minecraft:tall_grass":15,"minecraft:copper_ore":1,"minecraft:cobblestone":1,"minecraft:oak_planks":6,"minecraft:sugar_cane":10,"minecraft:wall_torch":4,"minecraft:spruce_stairs":10,"minecraft:birch_planks":2,"minecraft:coarse_dirt":4,"minecraft:birch_log":28,"minecraft:birch_leaves":12,"minecraft:white_wall_banner":2,"minecraft:grass":80,"minecraft:coal_ore":9,"minecraft:oak_log":56,"minecraft:sand":16,"minecraft:dirt":13,"quark:hollow_oak_log":3,"minecraft:oak_leaves":17,"minecraft:deepslate":2},"minecraft:crafted":{"minecraft:oak_door":3,"minecraft:oak_planks":92,"minecraft:furnace":1,"minecraft:stone_pickaxe":1,"minecraft:oak_slab":42,"minecraft:wooden_pickaxe":1,"minecraft:iron_sword":1,"minecraft:birch_planks":80,"minecraft:stone_axe":2,"minecraft:air":0,"minecraft:oak_fence_gate":1,"minecraft:iron_chestplate":1,"minecraft:stick":12,"minecraft:iron_ingot":22,"minecraft:iron_pickaxe":1,"minecraft:iron_leggings":1,"minecraft:torch":8},"minecraft:broken":{"minecraft:wooden_pickaxe":1,"minecraft:stone_axe":1},"minecraft:dropped":{"minecraft:oak_log":15,"minecraft:torch":1,"minecraft:chicken":2,"minecraft:rotten_flesh":1,"minecraft:sandstone":3},"minecraft:custom":{"minecraft:interact_with_anvil":1,"minecraft:mob_kills":25,"minecraft:animals_bred":1,"minecraft:interact_with_crafting_table":22,"minecraft:open_barrel":13,"minecraft:interact_with_campfire":5,"minecraft:leave_game":1,"minecraft:time_since_death":77270,"minecraft:sprint_one_cm":22186,"minecraft:walk_one_cm":515019,"minecraft:drop":22,"minecraft:play_time":77270,"minecraft:sneak_time":241,"minecraft:walk_under_water_one_cm":665,"minecraft:jump":213,"minecraft:walk_on_water_one_cm":8643,"minecraft:total_world_time":77270,"minecraft:interact_with_furnace":9,"minecraft:sleep_in_bed":2,"minecraft:time_since_rest":48,"minecraft:damage_taken":512,"minecraft:damage_dealt":3393,"minecraft:swim_one_cm":1202,"minecraft:fly_one_cm":1195,"minecraft:open_chest":51,"minecraft:crouch_one_cm":602,"minecraft:fall_one_cm":902},"minecraft:killed":{"minecraft:horse":1,"minecraft:skeleton":10,"minecraft:chicken":4,"minecraft:pig":1,"minecraft:sheep":1,"minecraft:zombie":5,"minecraft:cow":2},"minecraft:used":{"minecraft:spruce_slab":3,"minecraft:iron_sword":120,"minecraft:cooked_chicken":2,"minecraft:iron_chestplate":1,"minecraft:oak_door":1,"minecraft:torch":10,"minecraft:dirt":10,"minecraft:spruce_fence":14,"minecraft:barrel":1,"minecraft:beef":4,"minecraft:furnace":2,"minecraft:egg":1,"minecraft:cooked_beef":1,"minecraft:potato":5,"minecraft:iron_leggings":1,"minecraft:birch_planks":82,"minecraft:stone_pickaxe":108,"minecraft:oak_planks":62,"minecraft:wooden_pickaxe":42,"minecraft:sand":1,"minecraft:crafting_table":2,"minecraft:oak_slab":42,"minecraft:chicken":1,"minecraft:iron_pickaxe":1,"minecraft:stone_axe":181,"minecraft:porkchop":2,"minecraft:coarse_dirt":1}},"DataVersion":3465}