{"stats":{"minecraft:killed":{"minecraft:evoker":1,"minecraft:cave_spider":6,"minecraft:spider":10,"minecraft:skeleton":11,"minecraft:chicken":9,"minecraft:wolf":3,"minecraft:pig":16,"minecraft:bat":2,"minecraft:sheep":24,"minecraft:zombie":30,"minecraft:stray":2,"minecraft:wither_skeleton":4,"minecraft:cow":2,"minecraft:enderman":2},"minecraft:used":{"minecraft:oak_fence":9,"minecraft:jack_o_lantern":1,"minecraft:stone_sword":159,"minecraft:iron_shovel":525,"minecraft:carved_pumpkin":1,"minecraft:ladder":4,"minecraft:chest":3,"minecraft:iron_sword":646,"minecraft:wooden_shovel":13,"minecraft:cooked_chicken":1,"minecraft:oak_door":2,"minecraft:torch":85,"minecraft:dirt":488,"minecraft:mutton":7,"minecraft:azure_bluet":1,"minecraft:granite":32,"minecraft:oak_fence_gate":4,"minecraft:iron_hoe":131,"minecraft:birch_door":6,"minecraft:spruce_boat":1,"minecraft:wooden_axe":39,"minecraft:oak_stairs":10,"minecraft:birch_sapling":2,"minecraft:lantern":5,"minecraft:iron_axe":172,"minecraft:oak_sapling":1,"minecraft:furnace":2,"minecraft:cooked_beef":11,"minecraft:cobbled_deepslate":107,"minecraft:pumpkin":3,"minecraft:wheat_seeds":50,"minecraft:cooked_mutton":3,"minecraft:water_bucket":23,"minecraft:diorite":3,"minecraft:spruce_door":1,"minecraft:birch_planks":195,"minecraft:bundle":1,"minecraft:stone_pickaxe":295,"minecraft:oak_planks":206,"minecraft:baked_potato":4,"minecraft:wooden_pickaxe":178,"minecraft:crafting_table":6,"minecraft:campfire":1,"minecraft:white_bed":5,"minecraft:black_bed":1,"minecraft:birch_fence":66,"minecraft:apple":19,"minecraft:birch_fence_gate":1,"minecraft:birch_slab":137,"minecraft:bread":20,"minecraft:iron_pickaxe":408,"minecraft:gravel":1,"minecraft:stone_axe":129,"minecraft:wooden_sword":38,"minecraft:cobblestone":107,"minecraft:bucket":20,"minecraft:porkchop":3,"minecraft:cooked_porkchop":12,"minecraft:andesite":7},"minecraft:custom":{"minecraft:mob_kills":126,"minecraft:animals_bred":1,"minecraft:open_barrel":23,"minecraft:interact_with_crafting_table":65,"goblintraders:trade_with_goblin":20,"minecraft:interact_with_campfire":28,"minecraft:damage_dealt_resisted":699,"minecraft:leave_game":3,"minecraft:time_since_death":236357,"minecraft:climb_one_cm":10858,"minecraft:sprint_one_cm":484245,"minecraft:walk_one_cm":2460368,"minecraft:drop":40,"minecraft:damage_dealt_absorbed":40,"minecraft:talked_to_villager":1,"minecraft:play_time":448684,"minecraft:deaths":3,"minecraft:sneak_time":15898,"minecraft:walk_under_water_one_cm":36207,"minecraft:boat_one_cm":239435,"minecraft:jump":2674,"minecraft:interact_with_blast_furnace":4,"minecraft:walk_on_water_one_cm":55438,"minecraft:total_world_time":448684,"minecraft:interact_with_furnace":28,"minecraft:tune_noteblock":1,"minecraft:interact_with_cartography_table":1,"minecraft:interact_with_grindstone":1,"minecraft:sleep_in_bed":5,"minecraft:time_since_rest":236452,"minecraft:damage_taken":4882,"minecraft:damage_dealt":18884,"minecraft:fly_one_cm":62330,"minecraft:swim_one_cm":12853,"minecraft:open_chest":215,"minecraft:crouch_one_cm":25912,"minecraft:interact_with_smoker":6,"minecraft:fall_one_cm":21489},"minecraft:broken":{"minecraft:iron_shovel":1,"minecraft:stone_sword":1,"minecraft:wooden_pickaxe":4,"minecraft:stone_pickaxe":2,"minecraft:iron_sword":2,"minecraft:iron_pickaxe":1,"minecraft:iron_helmet":1,"minecraft:wooden_axe":1},"minecraft:mined":{"minecraft:tuff":1,"minecraft:oak_sapling":2,"minecraft:deepslate_diamond_ore":4,"quark:shale":7,"minecraft:oak_door":1,"minecraft:potted_blue_orchid":1,"minecraft:carved_pumpkin":2,"minecraft:glow_lichen":1,"minecraft:spruce_trapdoor":1,"minecraft:ladder":6,"gravestone:gravestone":2,"minecraft:granite":22,"minecraft:grass_block":476,"quark:white_corundum":3,"minecraft:birch_slab":4,"minecraft:spruce_leaves":33,"minecraft:oxeye_daisy":1,"minecraft:large_fern":35,"minecraft:hay_block":3,"diagonalfences:minecraft/birch_fence":5,"minecraft:iron_ore":20,"minecraft:barrel":2,"minecraft:cobbled_deepslate":21,"minecraft:snow":1,"minecraft:andesite":8,"minecraft:pumpkin":20,"minecraft:deepslate_lapis_ore":6,"minecraft:azure_bluet":3,"minecraft:bookshelf":20,"farmersdelight:rope":1,"minecraft:deepslate_iron_ore":21,"minecraft:oak_stairs":2,"minecraft:lantern":9,"ironchest:iron_chest":1,"minecraft:black_candle":2,"minecraft:packed_ice":14,"minecraft:stone":154,"minecraft:bone_block":30,"minecraft:deepslate_redstone_ore":36,"minecraft:brown_mushroom":12,"minecraft:dandelion":10,"minecraft:oak_fence":5,"minecraft:crafting_table":5,"minecraft:torch":22,"quark:white_corundum_cluster":1,"minecraft:calcite":122,"minecraft:poppy":2,"minecraft:chest":5,"minecraft:campfire":2,"minecraft:lectern":1,"minecraft:tall_grass":66,"minecraft:cobblestone":1,"minecraft:sugar_cane":1,"minecraft:oak_planks":43,"minecraft:diorite":7,"minecraft:wall_torch":16,"minecraft:amethyst_block":11,"minecraft:birch_sapling":1,"minecraft:birch_planks":16,"minecraft:birch_log":41,"minecraft:sweet_berry_bush":13,"minecraft:spruce_log":49,"minecraft:birch_leaves":3,"minecraft:birch_door":1,"minecraft:grass":390,"minecraft:oak_log":42,"minecraft:coal_ore":100,"minecraft:oak_fence_gate":2,"minecraft:gravel":2,"minecraft:sand":67,"minecraft:dirt":175,"minecraft:cobweb":30,"minecraft:smooth_basalt":4,"minecraft:oak_button":1,"minecraft:oak_leaves":9,"minecraft:deepslate":167,"minecraft:fern":40},"minecraft:dropped":{"minecraft:lantern":1,"minecraft:stick":10,"minecraft:mutton":11,"minecraft:snowball":1,"minecraft:wooden_sword":1,"minecraft:pumpkin":1,"minecraft:iron_pickaxe":1,"minecraft:string":4,"minecraft:spruce_sapling":2,"minecraft:cooked_chicken":1,"minecraft:birch_sapling":1,"minecraft:rotten_flesh":4,"minecraft:filled_map":1,"minecraft:poppy":1,"minecraft:oak_button":2,"minecraft:spruce_trapdoor":1,"minecraft:oak_sapling":1},"minecraft:crafted":{"minecraft:black_dye":1,"minecraft:oak_door":3,"minecraft:oak_planks":180,"minecraft:coal":3,"minecraft:cooked_chicken":2,"minecraft:birch_slab":138,"minecraft:furnace":2,"minecraft:jack_o_lantern":1,"minecraft:glass":36,"minecraft:iron_axe":1,"minecraft:iron_hoe":1,"minecraft:stone_pickaxe":2,"minecraft:birch_door":3,"minecraft:black_wool":1,"minecraft:oak_fence":9,"minecraft:cooked_beef":7,"minecraft:cooked_porkchop":8,"minecraft:crafting_table":2,"minecraft:spruce_planks":44,"minecraft:wooden_pickaxe":4,"minecraft:iron_sword":3,"minecraft:birch_planks":292,"minecraft:campfire":1,"minecraft:stone_axe":1,"minecraft:air":0,"minecraft:oak_fence_gate":2,"minecraft:birch_fence":27,"minecraft:stick":76,"minecraft:flint":4,"minecraft:iron_ingot":40,"minecraft:iron_pickaxe":1,"minecraft:oak_stairs":28,"minecraft:wooden_axe":1,"minecraft:stone_sword":2,"minecraft:iron_shovel":1,"minecraft:gold_ingot":6,"minecraft:black_bed":1,"minecraft:white_bed":5,"minecraft:torch":76},"minecraft:killed_by":{"minecraft:cave_spider":2,"minecraft:witch":1},"minecraft:picked_up":{"minecraft:birch_door":3,"minecraft:charcoal":6,"minecraft:crafting_table":5,"minecraft:iron_chestplate":2,"quark:white_corundum_cluster":4,"minecraft:azure_bluet":3,"minecraft:chicken":8,"minecraft:ladder":6,"minecraft:brown_mushroom":11,"minecraft:oak_stairs":2,"minecraft:enchanted_book":3,"minecraft:diamond_horse_armor":1,"minecraft:amethyst_block":11,"minecraft:cornflower":1,"minecraft:string":45,"minecraft:birch_fence":39,"minecraft:iron_shovel":1,"minecraft:iron_leggings":2,"minecraft:zombie_head":1,"minecraft:cobbled_deepslate":168,"minecraft:beef":2,"minecraft:calcite":116,"minecraft:poppy":6,"minecraft:iron_pickaxe":2,"minecraft:light_gray_wool":2,"minecraft:lectern":1,"minecraft:sugar_cane":17,"minecraft:chest":5,"minecraft:birch_sapling":4,"minecraft:spruce_trapdoor":1,"minecraft:iron_boots":1,"minecraft:egg":8,"minecraft:tipped_arrow":2,"minecraft:stick":9,"minecraft:raw_iron":45,"minecraft:oak_fence":4,"minecraft:torch":41,"sophisticatedbackpacks:backpack":1,"minecraft:porkchop":25,"minecraft:diorite":7,"minecraft:redstone":182,"minecraft:arrow":17,"minecraft:rotten_flesh":36,"minecraft:hay_block":3,"minecraft:carved_pumpkin":2,"minecraft:totem_of_undying":1,"minecraft:mutton":38,"minecraft:bone_block":41,"minecraft:snowball":17,"minecraft:white_wool":18,"minecraft:cobblestone":144,"minecraft:oxeye_daisy":1,"minecraft:birch_log":73,"minecraft:feather":9,"minecraft:cooked_beef":6,"minecraft:water_bucket":1,"minecraft:birch_slab":4,"quark:white_corundum":3,"minecraft:andesite":8,"minecraft:leather":1,"minecraft:birch_planks":15,"minecraft:filled_map":1,"minecraft:tuff":2,"minecraft:oak_log":67,"minecraft:gunpowder":2,"minecraft:lapis_lazuli":43,"minecraft:dirt":720,"minecraft:lantern":10,"minecraft:cooked_mutton":2,"minecraft:bone":16,"minecraft:apple":2,"minecraft:bow":3,"minecraft:wheat_seeds":62,"minecraft:raw_gold":4,"minecraft:oak_fence_gate":2,"minecraft:stone_pickaxe":1,"minecraft:cooked_chicken":1,"minecraft:oak_planks":43,"minecraft:iron_sword":1,"minecraft:book":60,"minecraft:smooth_basalt":4,"minecraft:black_candle":4,"minecraft:cooked_porkchop":1,"minecraft:pumpkin":20,"minecraft:sweet_berries":14,"quark:shale":7,"minecraft:dandelion":10,"minecraft:birch_fence_gate":1,"minecraft:gravel":3,"minecraft:sand":63,"minecraft:spruce_sapling":4,"minecraft:spruce_log":47,"minecraft:spruce_door":1,"minecraft:spider_eye":3,"minecraft:barrel":1,"minecraft:bundle":1,"minecraft:diamond":6,"minecraft:spruce_boat":1,"minecraft:iron_helmet":1,"minecraft:granite":21,"minecraft:gray_wool":1,"minecraft:bread":19,"minecraft:emerald":1,"minecraft:oak_button":2,"minecraft:baked_potato":4,"minecraft:oak_sapling":3,"minecraft:black_wool":2,"minecraft:coal":113,"minecraft:ender_pearl":2}},"DataVersion":3465}