{"stats":{"minecraft:picked_up":{"minecraft:stick":1,"minecraft:crafting_table":4,"minecraft:wheat":9,"quark:hollow_spruce_log":3,"minecraft:sweet_berries":67,"minecraft:leather":2,"minecraft:spruce_sapling":3,"minecraft:white_bed":1,"minecraft:gunpowder":2,"minecraft:spruce_log":19,"minecraft:string":4,"minecraft:dirt":54,"minecraft:moss_carpet":1,"minecraft:rotten_flesh":11,"minecraft:stone_axe":1,"minecraft:wheat_seeds":2,"minecraft:hay_block":4,"minecraft:iron_ingot":1,"minecraft:beef":5,"minecraft:snowball":7,"minecraft:mutton":3,"minecraft:white_wool":2,"minecraft:cobblestone":13},"minecraft:crafted":{"sophisticatedbackpacks:backpack":1,"minecraft:shield":1,"minecraft:crafting_table":1,"minecraft:spruce_planks":32,"minecraft:stick":8,"minecraft:wooden_pickaxe":1,"minecraft:stone_pickaxe":1,"minecraft:stone_sword":1,"quark:spruce_chest":1,"minecraft:stone_axe":1,"minecraft:bread":12,"minecraft:wheat":36},"minecraft:mined":{"minecraft:large_fern":3,"minecraft:hay_block":4,"minecraft:white_bed":1,"minecraft:sweet_berry_bush":28,"minecraft:spruce_log":17,"minecraft:crafting_table":4,"minecraft:grass":1,"minecraft:dirt":6,"minecraft:cobblestone":1,"minecraft:spruce_leaves":12,"minecraft:stone":12,"minecraft:fern":1,"quark:hollow_spruce_log":3},"minecraft:killed":{"minecraft:sheep":2,"minecraft:zombie":9,"minecraft:spider":5,"minecraft:creeper":2,"minecraft:cow":3},"minecraft:dropped":{"minecraft:stone_axe":1,"minecraft:wheat":9,"minecraft:snowball":7,"minecraft:wooden_pickaxe":1},"minecraft:used":{"minecraft:moss_carpet":1,"minecraft:stone_sword":12,"minecraft:bread":5,"minecraft:stone_pickaxe":2,"minecraft:shield":11,"minecraft:wooden_pickaxe":12,"minecraft:stone_axe":61,"minecraft:dirt":22,"minecraft:sweet_berries":35,"minecraft:crafting_table":4,"quark:hollow_spruce_log":3,"minecraft:cooked_beef":1},"minecraft:custom":{"minecraft:time_since_rest":27466,"minecraft:interact_with_furnace":2,"minecraft:damage_taken":530,"minecraft:sprint_one_cm":107235,"minecraft:walk_one_cm":100221,"minecraft:damage_blocked_by_shield":135,"minecraft:mob_kills":22,"minecraft:drop":4,"minecraft:damage_dealt":3788,"minecraft:swim_one_cm":57024,"minecraft:interact_with_crafting_table":9,"minecraft:fly_one_cm":103326,"minecraft:open_chest":3,"minecraft:crouch_one_cm":854,"minecraft:play_time":27466,"minecraft:sneak_time":630,"minecraft:walk_under_water_one_cm":4324,"minecraft:jump":390,"minecraft:leave_game":1,"minecraft:walk_on_water_one_cm":5560,"minecraft:time_since_death":27466,"minecraft:climb_one_cm":21,"minecraft:total_world_time":27466,"minecraft:fall_one_cm":4952}},"DataVersion":3465}