{"stats":{"minecraft:killed":{"minecraft:witch":1,"minecraft:spider":14,"quark:toretoise":1,"minecraft:phantom":4,"minecraft:skeleton":13,"minecraft:piglin":1,"minecraft:pig":4,"minecraft:zombie_villager":2,"minecraft:creeper":4,"minecraft:sheep":4,"minecraft:pillager":2,"minecraft:zombie":40,"minecraft:cow":10,"minecraft:enderman":3},"minecraft:used":{"minecraft:moss_carpet":1,"minecraft:stone_sword":12,"minecraft:iron_shovel":138,"minecraft:flint_and_steel":4,"minecraft:dispenser":4,"minecraft:redstone":2,"minecraft:shield":54,"moonsweaponry:iron_hammer":181,"minecraft:stone_hoe":296,"minecraft:iron_chestplate":1,"minecraft:torch":92,"minecraft:dirt":233,"minecraft:hopper":3,"minecraft:carrot":5,"minecraft:glass":7,"minecraft:lava_bucket":10,"quark:spruce_chest":2,"minecraft:iron_axe":13,"minecraft:iron_helmet":1,"minecraft:iron_boots":1,"minecraft:birch_trapdoor":4,"minecraft:sweet_berries":80,"quark:hollow_spruce_log":3,"minecraft:furnace":5,"minecraft:egg":2,"minecraft:potato":1,"minecraft:cooked_beef":19,"minecraft:cobbled_deepslate":7,"minecraft:observer":2,"minecraft:iron_leggings":1,"minecraft:wheat_seeds":89,"minecraft:water_bucket":68,"minecraft:cobblestone_stairs":1,"minecraft:stone_pickaxe":72,"minecraft:wooden_pickaxe":12,"minecraft:crafting_table":10,"minecraft:white_bed":2,"moonsweaponry:stone_hammer":50,"minecraft:lever":2,"minecraft:bread":12,"minecraft:stone_button":3,"minecraft:iron_pickaxe":279,"minecraft:stone_axe":61,"minecraft:cobblestone":61,"minecraft:cooked_porkchop":7,"quark:spruce_ladder":4,"minecraft:bucket":82,"minecraft:bone_meal":99},"minecraft:custom":{"minecraft:mob_kills":105,"minecraft:animals_bred":2,"minecraft:interact_with_crafting_table":49,"minecraft:open_barrel":1,"minecraft:damage_dealt_resisted":83,"minecraft:leave_game":2,"minecraft:time_since_death":176558,"minecraft:climb_one_cm":4608,"minecraft:sprint_one_cm":394795,"minecraft:walk_one_cm":774929,"minecraft:damage_blocked_by_shield":1370,"minecraft:drop":24,"minecraft:play_time":176558,"minecraft:sneak_time":13812,"minecraft:walk_under_water_one_cm":57789,"minecraft:jump":2460,"minecraft:walk_on_water_one_cm":59322,"minecraft:total_world_time":176558,"minecraft:interact_with_furnace":52,"minecraft:sleep_in_bed":1,"minecraft:time_since_rest":22261,"minecraft:damage_taken":2699,"minecraft:damage_dealt":19904,"minecraft:swim_one_cm":64987,"minecraft:fly_one_cm":374508,"minecraft:open_chest":29,"minecraft:crouch_one_cm":40411,"minecraft:inspect_dispenser":8,"minecraft:fall_one_cm":43608},"minecraft:broken":{"minecraft:stone_hoe":2,"minecraft:iron_pickaxe":1},"minecraft:mined":{"minecraft:white_bed":2,"minecraft:deepslate_diamond_ore":1,"minecraft:stone_button":1,"minecraft:grass_block":101,"minecraft:redstone_wire":1,"minecraft:spruce_leaves":12,"minecraft:large_fern":3,"minecraft:hay_block":4,"minecraft:redstone_ore":4,"minecraft:furnace":5,"minecraft:iron_ore":59,"minecraft:fire":5,"minecraft:andesite":12,"minecraft:deepslate_lapis_ore":4,"minecraft:deepslate_iron_ore":56,"minecraft:stone":135,"minecraft:deepslate_redstone_ore":9,"minecraft:observer":1,"minecraft:crafting_table":8,"minecraft:torch":3,"minecraft:tall_grass":38,"minecraft:nether_quartz_ore":1,"minecraft:cobblestone":15,"minecraft:lapis_ore":3,"minecraft:deepslate_gold_ore":12,"minecraft:sugar_cane":1,"minecraft:wall_torch":1,"minecraft:birch_log":13,"minecraft:sweet_berry_bush":30,"minecraft:spruce_log":17,"minecraft:grass":127,"minecraft:coal_ore":12,"minecraft:sand":14,"minecraft:gravel":4,"minecraft:dirt":81,"minecraft:dispenser":1,"quark:hollow_spruce_log":3,"minecraft:deepslate":27,"minecraft:fern":1},"minecraft:dropped":{"minecraft:glass_bottle":1,"moonsweaponry:stone_hammer":1,"minecraft:stick":1,"minecraft:torch":1,"minecraft:crimson_roots":2,"minecraft:snowball":7,"minecraft:white_banner":1,"minecraft:string":8,"minecraft:bucket":1,"minecraft:gravel":9,"minecraft:stone_axe":2,"minecraft:stone_sword":2,"minecraft:cobbled_deepslate":19,"minecraft:wheat":9,"minecraft:rotten_flesh":1,"minecraft:andesite":12,"minecraft:spider_eye":1,"minecraft:birch_button":1,"minecraft:wooden_pickaxe":1,"minecraft:stone_pickaxe":2,"minecraft:raw_gold":12},"minecraft:crafted":{"quark:birch_chest":1,"minecraft:furnace":2,"minecraft:stone_button":3,"minecraft:stone":7,"minecraft:cobblestone_stairs":4,"minecraft:bone_meal":99,"minecraft:lever":2,"minecraft:flint_and_steel":1,"minecraft:glass":7,"minecraft:hopper":3,"minecraft:bow":3,"minecraft:iron_boots":1,"minecraft:iron_axe":1,"minecraft:stone_pickaxe":1,"quark:spruce_chest":5,"minecraft:birch_button":1,"minecraft:stone_hoe":3,"moonsweaponry:iron_hammer":1,"minecraft:observer":1,"minecraft:wheat":36,"minecraft:cooked_beef":15,"sophisticatedbackpacks:backpack":1,"minecraft:cooked_porkchop":7,"minecraft:crafting_table":2,"minecraft:spruce_planks":76,"minecraft:wooden_pickaxe":1,"minecraft:iron_helmet":1,"quark:spruce_ladder":4,"minecraft:bucket":4,"minecraft:birch_planks":52,"minecraft:stone_axe":1,"minecraft:bread":12,"minecraft:air":0,"minecraft:dispenser":3,"minecraft:iron_chestplate":1,"minecraft:shield":1,"minecraft:stick":60,"minecraft:iron_ingot":103,"minecraft:iron_pickaxe":2,"minecraft:birch_trapdoor":4,"minecraft:stone_sword":1,"minecraft:iron_shovel":1,"minecraft:iron_leggings":1,"minecraft:torch":88},"minecraft:picked_up":{"minecraft:crafting_table":8,"minecraft:wheat":49,"quark:hollow_spruce_log":3,"minecraft:string":21,"minecraft:moss_carpet":1,"minecraft:raw_copper":5,"minecraft:bucket":1,"minecraft:cobbled_deepslate":26,"minecraft:beef":24,"minecraft:observer":1,"minecraft:sugar_cane":4,"minecraft:birch_sapling":3,"minecraft:phantom_membrane":2,"minecraft:egg":2,"minecraft:furnace":5,"minecraft:stick":3,"minecraft:raw_iron":124,"minecraft:stone":5,"minecraft:torch":5,"minecraft:porkchop":7,"minecraft:redstone":61,"quark:ancient_tome":1,"minecraft:stone_sword":1,"minecraft:arrow":14,"minecraft:rotten_flesh":35,"minecraft:hay_block":4,"minecraft:cobblestone":149,"minecraft:mutton":6,"minecraft:white_wool":4,"minecraft:snowball":7,"minecraft:bone_block":8,"minecraft:birch_log":13,"minecraft:cooked_beef":1,"minecraft:andesite":12,"minecraft:leather":8,"minecraft:potato":1,"minecraft:flint":1,"minecraft:gunpowder":5,"minecraft:lapis_lazuli":43,"minecraft:dirt":315,"minecraft:white_banner":1,"minecraft:glass":6,"minecraft:bone":12,"minecraft:wheat_seeds":94,"minecraft:raw_gold":12,"minecraft:iron_ingot":3,"minecraft:stone_pickaxe":1,"minecraft:cobweb":10,"minecraft:glass_bottle":1,"minecraft:sweet_berries":67,"minecraft:quartz":1,"minecraft:gravel":9,"minecraft:sand":13,"minecraft:spruce_sapling":3,"minecraft:spruce_log":19,"minecraft:white_bed":2,"minecraft:grass_block":3,"minecraft:spider_eye":3,"minecraft:diamond":1,"minecraft:stone_axe":1,"minecraft:coal":69,"minecraft:crimson_roots":2}},"DataVersion":3465}