{"stats":{"minecraft:mined":{"minecraft:dark_oak_planks":1,"minecraft:spruce_planks":12,"minecraft:carved_pumpkin":1,"gravestone:gravestone":1,"minecraft:granite":12,"minecraft:budding_amethyst":1,"minecraft:allium":4,"minecraft:grass_block":13,"farmersdelight:wild_cabbages":15,"quark:jasper":2,"farmersdelight:wild_onions":10,"minecraft:furnace":4,"minecraft:iron_ore":94,"minecraft:andesite":4,"minecraft:deepslate_iron_ore":9,"minecraft:stone":318,"minecraft:crafting_table":10,"minecraft:torch":4,"minecraft:calcite":6,"minecraft:melon":7,"minecraft:chest":3,"minecraft:spruce_wall_sign":2,"minecraft:tall_grass":1,"minecraft:copper_ore":3,"minecraft:cobblestone":14,"minecraft:sugar_cane":29,"minecraft:diorite":37,"minecraft:wall_torch":2,"minecraft:amethyst_block":29,"minecraft:spruce_stairs":1,"farmersdelight:sandy_shrub":6,"minecraft:dark_oak_slab":5,"minecraft:grass":19,"minecraft:coal_ore":136,"minecraft:oak_log":26,"minecraft:cocoa":1,"minecraft:sand":7,"minecraft:gravel":7,"minecraft:dirt":13,"minecraft:smooth_basalt":4,"minecraft:tripwire_hook":1,"minecraft:oak_leaves":25,"minecraft:deepslate":4,"minecraft:fern":1},"minecraft:broken":{"minecraft:stone_sword":1,"minecraft:stone_pickaxe":3,"minecraft:wooden_sword":1,"minecraft:stone_axe":2},"minecraft:killed_by":{"minecraft:skeleton":1},"minecraft:picked_up":{"minecraft:cocoa_beans":3,"minecraft:crafting_table":10,"minecraft:allium":26,"minecraft:chicken":4,"minecraft:shield":1,"minecraft:amethyst_block":29,"minecraft:oak_trapdoor":8,"minecraft:music_disc_cat":1,"minecraft:string":5,"minecraft:raw_copper":12,"minecraft:wooden_sword":3,"farmersdelight:cabbage":3,"minecraft:bucket":1,"minecraft:spruce_planks":12,"minecraft:beef":14,"minecraft:calcite":6,"minecraft:melon_slice":50,"minecraft:sugar_cane":67,"minecraft:chest":3,"minecraft:birch_sapling":4,"minecraft:iron_boots":3,"farmersdelight:cabbage_seeds":15,"minecraft:egg":5,"minecraft:furnace":4,"minecraft:stick":9,"minecraft:raw_iron":100,"minecraft:oak_fence":6,"minecraft:torch":9,"minecraft:spruce_stairs":2,"sophisticatedbackpacks:backpack":1,"minecraft:porkchop":13,"minecraft:diorite":18,"minecraft:dark_oak_planks":1,"minecraft:arrow":32,"minecraft:rotten_flesh":16,"farmersdelight:onion":9,"minecraft:carved_pumpkin":1,"minecraft:mutton":8,"minecraft:white_wool":4,"minecraft:cobblestone":323,"minecraft:feather":2,"minecraft:cooked_beef":5,"minecraft:salmon":1,"minecraft:andesite":3,"minecraft:leather":5,"quark:smithing_template_rune":1,"minecraft:flint":1,"minecraft:crimson_fungus":32,"minecraft:oak_log":26,"minecraft:gunpowder":13,"minecraft:dirt":35,"minecraft:white_banner":1,"minecraft:leather_boots":1,"minecraft:bone":37,"minecraft:wheat_seeds":2,"minecraft:dark_oak_stairs":8,"minecraft:black_terracotta":1,"minecraft:smooth_basalt":4,"minecraft:dark_oak_slab":19,"minecraft:gravel":7,"minecraft:sand":12,"minecraft:spruce_sapling":1,"minecraft:spider_eye":4,"minecraft:spruce_door":1,"minecraft:chainmail_leggings":1,"minecraft:golden_apple":1,"minecraft:gray_wool":1,"minecraft:spruce_sign":2,"minecraft:bread":11,"minecraft:oak_sapling":7,"minecraft:coal":144,"minecraft:ender_pearl":1},"minecraft:custom":{"minecraft:mob_kills":90,"minecraft:interact_with_anvil":1,"minecraft:interact_with_crafting_table":25,"minecraft:open_barrel":37,"minecraft:damage_dealt_resisted":1015,"minecraft:leave_game":2,"minecraft:time_since_death":37897,"minecraft:climb_one_cm":1536,"minecraft:sprint_one_cm":360262,"minecraft:walk_one_cm":497976,"minecraft:damage_blocked_by_shield":2370,"minecraft:drop":50,"minecraft:damage_dealt_absorbed":78,"minecraft:play_time":156030,"minecraft:deaths":1,"minecraft:sneak_time":9960,"minecraft:walk_under_water_one_cm":9113,"minecraft:jump":1829,"minecraft:walk_on_water_one_cm":20128,"minecraft:total_world_time":156030,"minecraft:interact_with_furnace":30,"minecraft:interact_with_loom":1,"minecraft:pot_flower":1,"minecraft:interact_with_grindstone":1,"minecraft:interact_with_stonecutter":1,"minecraft:sleep_in_bed":1,"minecraft:time_since_rest":37998,"minecraft:damage_taken":2042,"minecraft:damage_dealt":18800,"minecraft:swim_one_cm":35067,"minecraft:fly_one_cm":228049,"minecraft:open_chest":47,"minecraft:crouch_one_cm":17393,"minecraft:interact_with_smoker":2,"minecraft:fall_one_cm":22783,"minecraft:horse_one_cm":1},"minecraft:killed":{"minecraft:spider":5,"minecraft:skeleton":24,"minecraft:horse":1,"minecraft:chicken":4,"minecraft:silverfish":8,"minecraft:pig":6,"minecraft:zombie_villager":2,"minecraft:creeper":1,"minecraft:sheep":5,"minecraft:pillager":2,"minecraft:zombie":16,"minecraft:cow":5},"minecraft:dropped":{"minecraft:dark_oak_stairs":8,"minecraft:wheat_seeds":2,"minecraft:cooked_beef":1,"minecraft:oak_fence":6,"minecraft:dark_oak_slab":15,"minecraft:cobblestone":67,"minecraft:feather":2,"minecraft:spruce_stairs":1,"minecraft:dirt":6,"minecraft:gray_wool":1,"minecraft:diorite":18,"minecraft:melon_slice":7,"minecraft:wooden_sword":3,"minecraft:sand":1,"minecraft:bucket":1,"minecraft:music_disc_cat":1,"minecraft:smooth_basalt":4,"minecraft:gravel":2,"minecraft:stone_axe":1,"minecraft:oak_trapdoor":8,"minecraft:birch_sapling":4,"minecraft:rotten_flesh":4,"minecraft:iron_boots":1,"sophisticatedbackpacks:backpack":1,"minecraft:salmon":1,"minecraft:shield":1,"minecraft:andesite":3,"minecraft:leather_boots":1,"minecraft:oak_sapling":7,"minecraft:arrow":11,"minecraft:wooden_pickaxe":1,"minecraft:calcite":6},"minecraft:crafted":{"minecraft:wooden_sword":4,"minecraft:oak_planks":104,"minecraft:furnace":1,"minecraft:flint_and_steel":1,"minecraft:iron_boots":1,"minecraft:stone_pickaxe":5,"minecraft:cooked_beef":6,"minecraft:cooked_porkchop":17,"minecraft:crafting_table":4,"minecraft:wooden_pickaxe":1,"minecraft:iron_helmet":1,"minecraft:iron_sword":2,"minecraft:bucket":1,"minecraft:stone_axe":4,"minecraft:air":0,"minecraft:iron_chestplate":1,"minecraft:shield":1,"minecraft:stick":64,"minecraft:iron_ingot":37,"minecraft:iron_pickaxe":1,"minecraft:iron_leggings":1,"minecraft:torch":124},"minecraft:used":{"minecraft:stone_sword":125,"minecraft:flint_and_steel":1,"minecraft:carved_pumpkin":1,"minecraft:chest":3,"minecraft:spruce_planks":4,"minecraft:shield":80,"minecraft:iron_sword":38,"minecraft:iron_chestplate":1,"minecraft:torch":106,"minecraft:dirt":11,"minecraft:lava_bucket":10,"minecraft:iron_helmet":1,"minecraft:iron_boots":2,"minecraft:furnace":4,"minecraft:egg":4,"minecraft:cooked_beef":7,"minecraft:iron_leggings":1,"minecraft:water_bucket":37,"minecraft:spruce_door":1,"minecraft:stone_pickaxe":462,"minecraft:wooden_pickaxe":12,"minecraft:spruce_sign":2,"minecraft:salmon":1,"minecraft:sand":20,"minecraft:crafting_table":13,"minecraft:bread":12,"minecraft:melon_slice":9,"minecraft:iron_pickaxe":209,"minecraft:gravel":5,"minecraft:stone_axe":257,"minecraft:wooden_sword":96,"minecraft:cobblestone":126,"minecraft:cooked_porkchop":12,"minecraft:bucket":48}},"DataVersion":3465}