{"stats":{"minecraft:crafted":{"minecraft:wooden_sword":1,"minecraft:oak_planks":20,"minecraft:crafting_table":1,"minecraft:stick":8,"minecraft:wooden_pickaxe":1,"minecraft:stone_pickaxe":1,"minecraft:stone_sword":1},"minecraft:mined":{"gravestone:gravestone":1,"minecraft:grass":6,"minecraft:coal_ore":13,"minecraft:grass_block":4,"minecraft:oak_log":5,"minecraft:dirt":7,"minecraft:tall_grass":15,"minecraft:stone":7,"minecraft:oak_leaves":1},"minecraft:killed_by":{"minecraft:zombie":1},"minecraft:used":{"minecraft:stone_sword":16,"minecraft:stone_pickaxe":10,"minecraft:wooden_pickaxe":12,"minecraft:wooden_sword":9,"minecraft:crafting_table":1},"minecraft:dropped":{"minecraft:wooden_pickaxe":1},"minecraft:killed":{"minecraft:sheep":6},"minecraft:picked_up":{"minecraft:wooden_pickaxe":1,"minecraft:oak_log":5,"minecraft:dirt":11,"minecraft:bone":2,"minecraft:rotten_flesh":2,"minecraft:wheat_seeds":2,"supplementaries:ash":1,"minecraft:mutton":4,"minecraft:coal":13,"minecraft:white_wool":3,"minecraft:cobblestone":7,"minecraft:egg":4},"minecraft:custom":{"minecraft:time_since_rest":12822,"minecraft:sprint_one_cm":39533,"minecraft:damage_taken":250,"minecraft:walk_one_cm":82352,"minecraft:mob_kills":4,"minecraft:drop":1,"minecraft:damage_dealt":397,"minecraft:swim_one_cm":16348,"minecraft:interact_with_crafting_table":3,"minecraft:fly_one_cm":20332,"minecraft:open_chest":1,"minecraft:crouch_one_cm":482,"minecraft:play_time":26270,"minecraft:deaths":1,"minecraft:sneak_time":61,"minecraft:walk_under_water_one_cm":3270,"minecraft:jump":221,"minecraft:leave_game":5,"minecraft:walk_on_water_one_cm":4700,"minecraft:time_since_death":12788,"minecraft:total_world_time":26270,"minecraft:fall_one_cm":2818}},"DataVersion":3465}