{"stats":{"minecraft:used":{"minecraft:jack_o_lantern":1,"minecraft:oak_sign":2,"minecraft:chest":4,"minecraft:shield":28,"minecraft:iron_sword":412,"minecraft:creeper_head":3,"moonsweaponry:iron_hammer":207,"minecraft:mutton":3,"minecraft:carrot":2,"ironchest:iron_chest":6,"minecraft:tuff":14,"minecraft:snowball":16,"moonsweaponry:iron_scythe":90,"minecraft:spruce_boat":12,"minecraft:lantern":17,"minecraft:birch_sapling":15,"minecraft:item_frame":4,"minecraft:birch_trapdoor":3,"minecraft:bow":31,"minecraft:oak_sapling":22,"minecraft:furnace":7,"minecraft:cooked_cod":22,"moonsweaponry:diamond_katana":292,"minecraft:egg":1,"minecraft:potato":9,"minecraft:spruce_door":3,"minecraft:stone_pickaxe":136,"minecraft:oak_planks":10,"minecraft:wooden_pickaxe":32,"moonsweaponry:golden_hammer":130,"minecraft:golden_apple":1,"minecraft:white_wool":4,"minecraft:blast_furnace":2,"minecraft:shears":1,"minecraft:cobbled_deepslate_stairs":31,"moonsweaponry:stone_hammer":6,"minecraft:birch_slab":2,"minecraft:zombie_head":2,"minecraft:bread":45,"ironchest:iron_to_gold_chest_upgrade":4,"minecraft:gravel":2,"minecraft:wooden_sword":9,"globalxp:xp_block":1,"minecraft:smooth_stone_slab":1,"minecraft:bone_meal":73,"minecraft:oak_trapdoor":5,"minecraft:enchanting_table":1,"minecraft:stone_sword":126,"minecraft:flint_and_steel":2,"minecraft:spruce_planks":15,"minecraft:wooden_shovel":38,"minecraft:cooked_salmon":4,"minecraft:cooked_chicken":3,"minecraft:torch":135,"minecraft:dirt":186,"minecraft:anvil":1,"aquaculture:gold_fishing_rod":45,"farmersdelight:rope":51,"minecraft:birch_door":5,"minecraft:wooden_axe":13,"moonsweaponry:diamond_hammer":268,"aquaculture:iron_fishing_rod":29,"minecraft:iron_axe":213,"moonsweaponry:iron_greatsword":167,"minecraft:barrel":2,"minecraft:cooked_beef":16,"minecraft:cobbled_deepslate":264,"minecraft:pumpkin":3,"quark:diamond_heart":1,"sophisticatedbackpacks:gold_backpack":1,"minecraft:cooked_mutton":53,"aquaculture:tackle_box":1,"minecraft:water_bucket":44,"minecraft:bundle":1,"minecraft:birch_planks":10,"quark:cobblestone_bricks":35,"minecraft:polished_andesite":1,"minecraft:baked_potato":19,"minecraft:stonecutter":3,"minecraft:green_bed":1,"minecraft:cobblestone_slab":2,"minecraft:deepslate_bricks":1,"minecraft:crafting_table":11,"minecraft:campfire":4,"minecraft:smoker":3,"minecraft:diamond_pickaxe":256,"minecraft:apple":21,"minecraft:iron_pickaxe":963,"minecraft:spruce_trapdoor":2,"minecraft:stone_axe":95,"minecraft:cobblestone":75,"minecraft:cooked_porkchop":55,"minecraft:bucket":54},"minecraft:custom":{"minecraft:interact_with_crafting_table":164,"minecraft:open_barrel":47,"goblintraders:trade_with_goblin":162,"minecraft:eat_cake_slice":4,"minecraft:leave_game":6,"minecraft:time_since_death":77590,"minecraft:sprint_one_cm":1935250,"minecraft:damage_blocked_by_shield":1415,"minecraft:drop":197,"minecraft:talked_to_villager":3,"minecraft:play_time":978314,"minecraft:deaths":13,"minecraft:jump":12095,"minecraft:walk_on_water_one_cm":237012,"minecraft:enchant_item":2,"minecraft:interact_with_furnace":60,"minecraft:interact_with_cartography_table":1,"minecraft:sleep_in_bed":8,"minecraft:damage_dealt":99970,"minecraft:crouch_one_cm":57260,"minecraft:interact_with_smoker":14,"minecraft:horse_one_cm":540395,"minecraft:interact_with_anvil":1,"minecraft:mob_kills":539,"minecraft:interact_with_campfire":85,"minecraft:damage_dealt_resisted":3263,"minecraft:climb_one_cm":38279,"minecraft:walk_one_cm":3081264,"minecraft:damage_dealt_absorbed":293,"minecraft:sneak_time":23388,"minecraft:walk_under_water_one_cm":136851,"minecraft:boat_one_cm":280981,"minecraft:interact_with_blast_furnace":19,"minecraft:total_world_time":978314,"minecraft:tune_noteblock":3,"minecraft:interact_with_grindstone":1,"minecraft:interact_with_stonecutter":14,"minecraft:time_since_rest":77621,"minecraft:damage_taken":17642,"minecraft:swim_one_cm":145154,"minecraft:fly_one_cm":1332070,"minecraft:open_chest":612,"minecraft:fish_caught":45,"minecraft:fall_one_cm":194087},"minecraft:dropped":{"minecraft:iron_sword":2,"minecraft:lapis_lazuli":59,"minecraft:cooked_beef":6,"minecraft:oak_log":47,"minecraft:diamond":30,"minecraft:cooked_porkchop":1,"minecraft:flint":1,"minecraft:birch_fence":42,"gravestone:obituary":1,"minecraft:iron_pickaxe":5,"minecraft:birch_log":58,"minecraft:white_wool":4,"minecraft:bone":3,"minecraft:stone_axe":3,"minecraft:cobbled_deepslate":8,"minecraft:rotten_flesh":53,"minecraft:birch_fence_gate":2,"minecraft:poppy":1,"minecraft:gunpowder":3,"aquaculture:bluegill":1,"minecraft:leather_leggings":3,"minecraft:egg":1,"minecraft:water_bucket":2,"minecraft:bread":21,"minecraft:bookshelf":31,"minecraft:iron_helmet":1,"minecraft:apple":2,"minecraft:granite":1,"quark:cobblestone_bricks":76,"minecraft:torch":31,"minecraft:iron_leggings":2,"minecraft:pumpkin":1,"minecraft:iron_shovel":3,"minecraft:string":22,"minecraft:spruce_sapling":1,"minecraft:redstone":38,"minecraft:raw_copper":10,"minecraft:tuff":2,"minecraft:raw_iron":20,"minecraft:iron_boots":1,"sophisticatedbackpacks:backpack":3,"minecraft:deepslate_bricks":196,"minecraft:iron_chestplate":1,"moonsweaponry:diamond_katana":1,"sophisticatedbackpacks:copper_backpack":1,"minecraft:bow":7,"minecraft:stone_pickaxe":2,"minecraft:raw_gold":33},"minecraft:mined":{"minecraft:large_amethyst_bud":1,"minecraft:oak_sapling":6,"minecraft:white_bed":1,"minecraft:cobbled_deepslate_stairs":10,"sophisticatedbackpacks:gold_backpack":1,"minecraft:obsidian":22,"minecraft:spruce_trapdoor":1,"minecraft:granite":15,"minecraft:stripped_crimson_hyphae":1,"minecraft:grass_block":24,"minecraft:deepslate_bricks":5,"minecraft:spawner":6,"minecraft:iron_ore":121,"minecraft:cobbled_deepslate":63,"minecraft:pumpkin":2,"minecraft:deepslate_lapis_ore":6,"minecraft:stripped_dark_oak_wood":1,"minecraft:iron_bars":2,"quark:indigo_corundum":1,"minecraft:green_bed":2,"minecraft:deepslate_redstone_ore":2,"minecraft:medium_amethyst_bud":2,"minecraft:kelp_plant":1,"minecraft:smoker":2,"minecraft:amethyst_cluster":8,"minecraft:torch":30,"quark:cobblestone_bricks":1,"minecraft:blast_furnace":1,"minecraft:calcite":11,"minecraft:poppy":2,"minecraft:chest":2,"minecraft:creeper_wall_head":1,"minecraft:cobblestone":36,"minecraft:sugar_cane":2,"minecraft:oak_planks":41,"minecraft:wall_torch":47,"minecraft:amethyst_block":13,"minecraft:seagrass":2,"minecraft:birch_log":66,"minecraft:birch_door":3,"minecraft:smooth_stone_slab":1,"minecraft:stone_brick_stairs":1,"quark:glow_shroom":5,"minecraft:grass":20,"minecraft:oak_log":112,"minecraft:sand":1,"minecraft:dirt":52,"quark:indigo_corundum_cluster":1,"minecraft:smooth_basalt":5,"minecraft:stonecutter":2,"minecraft:oak_leaves":31,"minecraft:deepslate":492,"minecraft:tuff":75,"minecraft:deepslate_diamond_ore":35,"gravestone:gravestone":15,"minecraft:spruce_leaves":4,"minecraft:kelp":1,"minecraft:oak_trapdoor":2,"minecraft:furnace":7,"minecraft:chiseled_sandstone":1,"minecraft:andesite":2,"minecraft:bookshelf":20,"farmersdelight:rope":15,"minecraft:deepslate_iron_ore":96,"minecraft:cobblestone_slab":1,"minecraft:lantern":13,"minecraft:stone":172,"minecraft:white_wool":2,"minecraft:crafting_table":8,"minecraft:campfire":1,"minecraft:tall_grass":13,"minecraft:lapis_ore":6,"minecraft:deepslate_gold_ore":53,"minecraft:diorite":3,"minecraft:spruce_stairs":1,"minecraft:birch_planks":1,"minecraft:sweet_berry_bush":2,"minecraft:creeper_head":1,"minecraft:ice":3,"minecraft:spruce_log":30,"minecraft:birch_leaves":3,"minecraft:coal_ore":57,"minecraft:zombie_head":1,"minecraft:gravel":15,"minecraft:cobweb":28,"minecraft:polished_andesite":1,"minecraft:gold_ore":3},"minecraft:killed":{"minecraft:cave_spider":23,"minecraft:witch":1,"minecraft:spider":39,"minecraft:skeleton":102,"friendsandfoes:glare":2,"minecraft:chicken":3,"minecraft:pig":24,"quark:stoneling":4,"minecraft:zombie_villager":4,"minecraft:creeper":28,"minecraft:sheep":14,"minecraft:pillager":4,"minecraft:zombie":196,"minecraft:stray":2,"minecraft:glow_squid":5,"minecraft:cow":15,"minecraft:vindicator":1,"quark:toretoise":5,"minecraft:slime":2,"minecraft:phantom":5,"friendsandfoes:moobloom":2,"minecraft:wither_skeleton":2,"minecraft:enderman":6},"minecraft:crafted":{"extra_ropes:knife":1,"minecraft:smooth_stone":3,"minecraft:oak_planks":292,"minecraft:oak_sign":3,"quark:birch_chest":1,"globalxp:xp_block":1,"moonsweaponry:diamond_hammer":1,"minecraft:cooked_chicken":2,"minecraft:stone":6,"moonsweaponry:iron_scythe":1,"sophisticatedbackpacks:crafting_upgrade":1,"minecraft:bookshelf":21,"minecraft:cooked_mutton":20,"minecraft:iron_bars":16,"minecraft:glass":3,"aquaculture:gold_fishing_rod":1,"minecraft:bow":1,"minecraft:iron_boots":5,"sophisticatedbackpacks:tank_upgrade":1,"minecraft:birch_fence_gate":1,"minecraft:chest":1,"moonsweaponry:stone_hammer":1,"moonsweaponry:iron_hammer":1,"minecraft:smoker":1,"minecraft:item_frame":4,"minecraft:wooden_shovel":2,"sophisticatedbackpacks:backpack":1,"minecraft:cooked_porkchop":12,"minecraft:crafting_table":4,"aquaculture:tackle_box":1,"minecraft:spruce_planks":104,"minecraft:wooden_pickaxe":2,"minecraft:iron_helmet":5,"minecraft:spruce_door":3,"minecraft:copper_ingot":76,"moonsweaponry:iron_greatsword":1,"minecraft:birch_planks":108,"minecraft:campfire":4,"sophisticatedbackpacks:upgrade_base":3,"minecraft:spruce_trapdoor":2,"minecraft:iron_chestplate":4,"minecraft:diamond_pickaxe":1,"minecraft:shield":1,"aquaculture:iron_hook":1,"minecraft:birch_fence":30,"minecraft:stick":160,"quark:oak_chest":6,"minecraft:iron_ingot":363,"minecraft:iron_pickaxe":8,"minecraft:iron_block":6,"minecraft:stone_sword":1,"minecraft:gold_ingot":96,"aquaculture:iron_fishing_rod":1,"minecraft:deepslate_bricks":1,"aquaculture:gold_hook":1,"minecraft:shears":1,"minecraft:wooden_sword":3,"minecraft:coal":3,"minecraft:iron_nugget":16,"minecraft:furnace":3,"minecraft:blast_furnace":1,"minecraft:bone_meal":174,"minecraft:diamond_block":2,"minecraft:oak_trapdoor":4,"minecraft:flint_and_steel":2,"minecraft:leather":3,"minecraft:iron_axe":1,"quark:cobblestone_bricks":1,"minecraft:stone_pickaxe":2,"minecraft:cobbled_deepslate_stairs":24,"minecraft:spruce_boat":1,"sophisticatedbackpacks:iron_backpack":1,"minecraft:cooked_beef":23,"minecraft:red_dye":1,"minecraft:enchanting_table":1,"aquaculture:fishing_line":2,"minecraft:iron_sword":2,"sophisticatedbackpacks:gold_backpack":1,"minecraft:bucket":3,"minecraft:stone_axe":2,"minecraft:air":0,"moonsweaponry:golden_hammer":1,"ironchest:iron_to_gold_chest_upgrade":4,"minecraft:gold_nugget":9,"minecraft:wooden_axe":3,"minecraft:birch_trapdoor":4,"minecraft:iron_shovel":3,"minecraft:iron_leggings":5,"minecraft:anvil":1,"minecraft:stonecutter":1,"minecraft:torch":76,"moonsweaponry:diamond_katana":1,"minecraft:lapis_block":2,"ironchest:iron_chest":4},"minecraft:broken":{"minecraft:iron_boots":2,"minecraft:iron_leggings":1,"minecraft:stone_pickaxe":1,"moonsweaponry:golden_hammer":1,"minecraft:iron_pickaxe":2,"minecraft:iron_helmet":3},"minecraft:killed_by":{"minecraft:wither_skeleton":1,"minecraft:pillager":1,"minecraft:cave_spider":1,"minecraft:zombie":3,"minecraft:illusioner":1,"minecraft:spider":1,"minecraft:enderman":1,"minecraft:skeleton":4},"minecraft:picked_up":{"minecraft:wooden_axe":3,"minecraft:seagrass":2,"minecraft:birch_door":5,"minecraft:wheat":7,"minecraft:creeper_head":4,"aquaculture:catfish":1,"minecraft:enchanted_book":4,"minecraft:potion":2,"minecraft:stone_brick_stairs":1,"minecraft:infested_stone":24,"minecraft:amethyst_block":12,"minecraft:string":131,"aquaculture:muskellunge":1,"minecraft:raw_copper":48,"minecraft:cooked_salmon":5,"minecraft:smooth_stone_slab":1,"minecraft:iron_leggings":1,"minecraft:pufferfish":5,"minecraft:zombie_head":4,"minecraft:sea_pickle":1,"minecraft:cobbled_deepslate":568,"minecraft:cobblestone_slab":4,"minecraft:calcite":11,"minecraft:iron_pickaxe":9,"minecraft:furnace":7,"minecraft:tipped_arrow":1,"minecraft:stick":31,"minecraft:oak_fence":6,"minecraft:green_bed":2,"minecraft:torch":97,"minecraft:spruce_stairs":1,"minecraft:porkchop":29,"minecraft:diorite":3,"quark:ancient_tome":1,"minecraft:rotten_flesh":297,"minecraft:tropical_fish":1,"farmersdelight:rope":40,"minecraft:bookshelf":10,"minecraft:cod":16,"minecraft:obsidian":22,"minecraft:iron_bars":2,"aquaculture:tin_can":1,"minecraft:snowball":42,"minecraft:cobblestone":222,"aquaculture:lockbox":1,"minecraft:birch_log":92,"minecraft:feather":9,"minecraft:cooked_beef":15,"minecraft:birch_slab":3,"minecraft:andesite":5,"minecraft:smoker":2,"minecraft:potato":10,"minecraft:flint":4,"minecraft:tuff":77,"minecraft:lantern":16,"minecraft:lapis_lazuli":112,"minecraft:dirt":280,"minecraft:name_tag":3,"minecraft:leather_boots":1,"minecraft:bone":167,"minecraft:stonecutter":2,"minecraft:bow":22,"minecraft:wheat_seeds":22,"minecraft:raw_gold":105,"minecraft:oak_planks":40,"aquaculture:jellyfish":1,"aquaculture:gar":2,"minecraft:cooked_porkchop":57,"minecraft:birch_fence_gate":1,"minecraft:grass_block":1,"quark:glow_lichen_growth":2,"minecraft:chiseled_sandstone":1,"minecraft:bundle":4,"minecraft:polished_andesite":1,"minecraft:deepslate":26,"minecraft:diamond":49,"minecraft:spruce_boat":16,"minecraft:granite":13,"minecraft:crossbow":1,"minecraft:bone_meal":1,"minecraft:golden_apple":3,"minecraft:emerald":17,"minecraft:bread":25,"minecraft:jack_o_lantern":1,"minecraft:oak_sapling":33,"sophisticatedbackpacks:gold_backpack":2,"minecraft:charcoal":2,"minecraft:crafting_table":9,"minecraft:chicken":2,"minecraft:leather_leggings":5,"gravestone:obituary":4,"minecraft:shield":1,"minecraft:oak_trapdoor":2,"minecraft:birch_fence":12,"aquaculture:pink_salmon":1,"quark:indigo_corundum":1,"aquaculture:bluegill":4,"minecraft:beef":40,"minecraft:iron_nugget":9,"minecraft:poppy":2,"minecraft:sugar_cane":15,"minecraft:chest":2,"minecraft:birch_sapling":17,"minecraft:spruce_trapdoor":1,"minecraft:phantom_membrane":2,"minecraft:egg":7,"minecraft:stripped_crimson_hyphae":3,"minecraft:raw_iron":288,"minecraft:oak_door":1,"aquaculture:driftwood":1,"ironchest:iron_chest":2,"sophisticatedbackpacks:backpack":1,"aquaculture:perch":3,"minecraft:carrot":2,"minecraft:redstone":43,"minecraft:prismarine_crystals":1,"minecraft:iron_horse_armor":2,"minecraft:tnt":5,"minecraft:arrow":149,"minecraft:cooked_cod":20,"aquaculture:brown_trout":4,"minecraft:deepslate_bricks":5,"minecraft:stripped_dark_oak_wood":1,"aquaculture:carp":3,"minecraft:gold_ingot":35,"minecraft:saddle":3,"quark:indigo_corundum_cluster":3,"sophisticatedbackpacks:copper_backpack":5,"minecraft:glow_berries":2,"minecraft:mutton":34,"minecraft:bone_block":38,"minecraft:rail":4,"minecraft:skeleton_skull":3,"minecraft:white_wool":19,"minecraft:glow_ink_sac":25,"minecraft:salmon":5,"minecraft:leather":16,"minecraft:filled_map":4,"minecraft:birch_planks":3,"minecraft:oak_log":138,"minecraft:lily_pad":2,"minecraft:cobbled_deepslate_stairs":10,"minecraft:gunpowder":70,"minecraft:white_banner":1,"minecraft:cooked_mutton":38,"minecraft:apple":10,"minecraft:kelp":2,"quark:glow_shroom":5,"minecraft:stone_pickaxe":1,"minecraft:rabbit_hide":19,"minecraft:spruce_wood":9,"minecraft:heart_of_the_sea":1,"minecraft:iron_ingot":107,"minecraft:cooked_chicken":8,"minecraft:cobweb":21,"minecraft:iron_sword":6,"minecraft:book":120,"minecraft:smooth_basalt":6,"minecraft:milk_bucket":1,"minecraft:pumpkin":4,"minecraft:sweet_berries":34,"minecraft:gravel":15,"minecraft:amethyst_shard":32,"minecraft:spruce_sapling":1,"minecraft:blast_furnace":1,"moonsweaponry:iron_scythe":1,"minecraft:white_bed":1,"minecraft:spruce_log":30,"minecraft:spider_eye":55,"quark:cobblestone_bricks":1,"minecraft:pumpkin_seeds":4,"minecraft:slime_ball":5,"minecraft:stone_axe":4,"minecraft:baked_potato":20,"minecraft:black_wool":1,"minecraft:coal":414,"quark:diamond_heart":4,"minecraft:ender_pearl":9}},"DataVersion":3465}