{"stats":{"minecraft:dropped":{"minecraft:feather":2,"minecraft:stick":1,"minecraft:gold_block":8,"minecraft:dirt":1,"minecraft:black_candle":9,"minecraft:sand":11,"minecraft:iron_pickaxe":1,"minecraft:string":5,"aquaculture:tambaqui":2,"minecraft:cooked_chicken":2,"minecraft:cobbled_deepslate":6,"minecraft:chicken":2,"quark:crab_leg":1,"minecraft:spruce_fence":2,"minecraft:iron_chestplate":1,"minecraft:andesite":1},"minecraft:picked_up":{"minecraft:crafting_table":1,"minecraft:iron_chestplate":2,"minecraft:chicken":5,"minecraft:anvil":1,"minecraft:oak_stairs":9,"minecraft:stone_brick_wall":2,"minecraft:gold_block":8,"gravestone:obituary":2,"minecraft:amethyst_block":1,"minecraft:string":40,"minecraft:iron_leggings":1,"minecraft:armor_stand":1,"minecraft:experience_bottle":1,"minecraft:cobbled_deepslate":41,"minecraft:spruce_planks":7,"minecraft:beef":33,"minecraft:sugar_cane":15,"minecraft:furnace":1,"minecraft:light_gray_wool":2,"minecraft:iron_pickaxe":1,"minecraft:spruce_slab":22,"minecraft:smooth_quartz_stairs":2,"minecraft:melon_slice":14,"minecraft:coal_block":19,"minecraft:birch_sapling":6,"minecraft:spruce_trapdoor":3,"minecraft:egg":10,"minecraft:iron_boots":2,"minecraft:beehive":1,"minecraft:stick":9,"minecraft:raw_iron":114,"minecraft:sandstone":1,"aquaculture:tambaqui":1,"minecraft:torch":17,"minecraft:spruce_stairs":8,"minecraft:spruce_fence":4,"minecraft:porkchop":17,"minecraft:carrot":1,"minecraft:dark_oak_planks":1,"minecraft:arrow":102,"minecraft:rotten_flesh":61,"minecraft:iron_block":1,"minecraft:obsidian":5,"minecraft:mutton":23,"minecraft:cod":2,"minecraft:white_wool":11,"minecraft:cobblestone":103,"quark:crab_leg":3,"minecraft:feather":18,"minecraft:cooked_beef":12,"minecraft:andesite":4,"minecraft:leather":21,"minecraft:music_disc_stal":1,"minecraft:potato":2,"minecraft:crimson_fungus":32,"minecraft:oak_log":108,"minecraft:gunpowder":3,"minecraft:lapis_lazuli":35,"minecraft:dirt":15,"minecraft:lantern":13,"quark:forgotten_hat":1,"minecraft:bone":97,"minecraft:apple":1,"minecraft:stone_bricks":4,"minecraft:bow":2,"minecraft:wheat_seeds":5,"minecraft:raw_gold":18,"minecraft:rabbit_hide":10,"minecraft:cooked_chicken":4,"minecraft:cobweb":3,"quark:music_disc_chatter":1,"minecraft:oak_planks":27,"minecraft:dark_oak_stairs":10,"minecraft:iron_sword":2,"minecraft:book":77,"minecraft:dark_oak_slab":8,"minecraft:black_candle":9,"minecraft:black_terracotta":1,"minecraft:cooked_porkchop":7,"minecraft:quartz":12,"minecraft:dandelion":70,"minecraft:sand":45,"minecraft:amethyst_shard":12,"minecraft:grass_block":1,"quark:oak_chest":2,"minecraft:spider_eye":6,"minecraft:diamond":3,"minecraft:iron_helmet":2,"minecraft:granite":1,"minecraft:gray_wool":2,"minecraft:spruce_sign":3,"minecraft:bread":4,"minecraft:oak_sapling":7,"minecraft:coal":177},"minecraft:broken":{"minecraft:iron_boots":1,"minecraft:iron_sword":2,"minecraft:iron_pickaxe":1,"quark:forgotten_hat":1},"minecraft:crafted":{"minecraft:wooden_sword":1,"minecraft:oak_door":3,"minecraft:oak_planks":472,"minecraft:golden_chestplate":1,"minecraft:furnace":1,"moonsweaponry:diamond_greatsword":1,"minecraft:bone_meal":6,"minecraft:bookshelf":8,"minecraft:cooked_mutton":24,"minecraft:bow":1,"minecraft:iron_axe":1,"minecraft:stone_pickaxe":1,"quark:cooked_crab_leg":1,"minecraft:oak_fence":6,"minecraft:cooked_beef":30,"minecraft:emerald":6,"minecraft:cooked_porkchop":8,"minecraft:crafting_table":4,"minecraft:enchanting_table":1,"minecraft:wooden_pickaxe":1,"minecraft:iron_sword":2,"minecraft:bucket":1,"minecraft:air":0,"minecraft:book":7,"minecraft:iron_chestplate":1,"minecraft:paper":21,"minecraft:diamond_pickaxe":1,"minecraft:stick":28,"quark:oak_chest":6,"minecraft:iron_ingot":107,"minecraft:iron_pickaxe":3,"minecraft:oak_stairs":8,"minecraft:iron_block":3,"minecraft:stone_sword":1,"minecraft:gold_ingot":18,"minecraft:anvil":1,"minecraft:torch":12,"moonsweaponry:diamond_katana":1},"minecraft:used":{"moonsweaponry:diamond_greatsword":639,"minecraft:oak_fence":6,"minecraft:enchanting_table":1,"minecraft:stone_sword":3,"minecraft:flint_and_steel":1,"minecraft:iron_sword":423,"minecraft:cooked_chicken":2,"minecraft:oak_door":1,"minecraft:torch":23,"minecraft:mutton":4,"minecraft:dirt":2,"minecraft:anvil":1,"minecraft:spruce_stairs":4,"minecraft:bookshelf":8,"minecraft:oak_stairs":14,"minecraft:lantern":9,"minecraft:iron_axe":197,"minecraft:birch_sapling":6,"minecraft:stone_bricks":2,"quark:cooked_crab_leg":1,"minecraft:bow":45,"minecraft:furnace":1,"moonsweaponry:diamond_katana":281,"minecraft:cooked_beef":13,"minecraft:cobbled_deepslate":3,"minecraft:cooked_mutton":7,"minecraft:water_bucket":2,"minecraft:stone_pickaxe":65,"minecraft:oak_planks":285,"minecraft:wooden_pickaxe":14,"minecraft:white_wool":20,"minecraft:sand":17,"minecraft:tnt":2,"minecraft:crafting_table":4,"minecraft:diamond_pickaxe":7,"minecraft:bread":66,"minecraft:iron_pickaxe":405,"minecraft:spruce_trapdoor":1,"minecraft:wooden_sword":59,"minecraft:cobblestone":54,"minecraft:porkchop":2,"minecraft:cooked_porkchop":14,"minecraft:bucket":3,"minecraft:andesite":3,"quark:oak_chest":8,"minecraft:bone_meal":6,"minecraft:experience_bottle":1},"minecraft:killed":{"minecraft:spider":11,"quark:toretoise":1,"minecraft:dolphin":6,"quark:forgotten":1,"minecraft:skeleton":104,"minecraft:bee":4,"friendsandfoes:mauler":1,"minecraft:chicken":2,"quark:crab":2,"minecraft:silverfish":63,"minecraft:drowned":2,"minecraft:wolf":1,"minecraft:parrot":1,"minecraft:pig":11,"minecraft:bat":1,"minecraft:creeper":4,"minecraft:sheep":10,"minecraft:zombie":58,"minecraft:cow":16,"minecraft:enderman":2},"minecraft:mined":{"minecraft:dark_oak_planks":1,"minecraft:large_amethyst_bud":1,"minecraft:spruce_planks":8,"minecraft:deepslate_diamond_ore":3,"minecraft:black_terracotta":1,"minecraft:obsidian":5,"minecraft:granite":1,"minecraft:spruce_trapdoor":2,"gravestone:gravestone":6,"minecraft:stone_brick_wall":2,"minecraft:grass_block":3,"minecraft:spruce_fence":2,"minecraft:coal_block":19,"minecraft:sandstone":1,"minecraft:spawner":8,"minecraft:furnace":1,"minecraft:iron_ore":72,"minecraft:barrel":1,"minecraft:andesite":2,"minecraft:anvil":1,"minecraft:gold_block":8,"minecraft:dark_oak_stairs":7,"minecraft:bookshelf":25,"minecraft:deepslate_iron_ore":36,"minecraft:oak_stairs":9,"minecraft:lantern":10,"minecraft:black_candle":1,"minecraft:iron_block":1,"minecraft:stone":93,"minecraft:white_wool":1,"minecraft:spruce_slab":1,"quark:oak_chest":2,"minecraft:amethyst_cluster":3,"minecraft:dandelion":69,"minecraft:crafting_table":1,"minecraft:torch":4,"minecraft:melon":3,"minecraft:tall_grass":7,"minecraft:cobblestone":12,"minecraft:lapis_ore":5,"minecraft:deepslate_gold_ore":2,"minecraft:sugar_cane":13,"minecraft:oak_planks":27,"minecraft:wall_torch":9,"minecraft:amethyst_block":2,"minecraft:spruce_stairs":7,"minecraft:dark_oak_slab":6,"minecraft:beehive":1,"minecraft:light_gray_wool":1,"minecraft:stone_brick_stairs":1,"minecraft:grass":14,"minecraft:oak_log":90,"minecraft:coal_ore":114,"minecraft:sand":35,"minecraft:dirt":7,"minecraft:cobweb":26,"minecraft:stone_bricks":13,"minecraft:gold_ore":9,"minecraft:oak_leaves":8,"minecraft:deepslate":50},"minecraft:custom":{"minecraft:interact_with_smithing_table":3,"minecraft:interact_with_anvil":7,"minecraft:mob_kills":335,"minecraft:interact_with_crafting_table":39,"minecraft:open_barrel":75,"minecraft:interact_with_campfire":25,"minecraft:bell_ring":2,"minecraft:damage_dealt_resisted":134,"minecraft:leave_game":3,"minecraft:time_since_death":119728,"minecraft:climb_one_cm":5019,"minecraft:sprint_one_cm":699216,"minecraft:walk_one_cm":1495495,"minecraft:drop":20,"minecraft:talked_to_villager":28,"minecraft:play_time":326213,"minecraft:deaths":6,"minecraft:sneak_time":5150,"minecraft:walk_under_water_one_cm":32688,"minecraft:interact_with_lectern":7,"minecraft:jump":3516,"minecraft:walk_on_water_one_cm":59275,"minecraft:enchant_item":2,"minecraft:total_world_time":326213,"minecraft:interact_with_furnace":45,"minecraft:traded_with_villager":6,"minecraft:interact_with_loom":2,"minecraft:interact_with_stonecutter":1,"minecraft:sleep_in_bed":3,"minecraft:time_since_rest":2243,"minecraft:damage_taken":7856,"minecraft:damage_dealt":65329,"minecraft:swim_one_cm":93993,"minecraft:fly_one_cm":383366,"minecraft:open_chest":127,"minecraft:crouch_one_cm":13986,"minecraft:interact_with_smoker":2,"minecraft:fall_one_cm":52702},"minecraft:killed_by":{"minecraft:skeleton":6}},"DataVersion":3465}