{"stats":{"minecraft:broken":{"minecraft:iron_boots":2,"minecraft:iron_leggings":1,"minecraft:stone_pickaxe":1,"minecraft:iron_pickaxe":2,"minecraft:iron_helmet":2},"minecraft:picked_up":{"minecraft:wooden_axe":3,"minecraft:seagrass":2,"minecraft:birch_door":5,"minecraft:wheat":7,"minecraft:creeper_head":3,"aquaculture:catfish":1,"minecraft:enchanted_book":2,"minecraft:potion":2,"minecraft:stone_brick_stairs":1,"minecraft:amethyst_block":7,"minecraft:string":78,"aquaculture:muskellunge":1,"minecraft:raw_copper":13,"minecraft:smooth_stone_slab":1,"minecraft:iron_leggings":1,"minecraft:pufferfish":5,"minecraft:zombie_head":2,"minecraft:sea_pickle":1,"minecraft:cobbled_deepslate":374,"minecraft:calcite":3,"minecraft:iron_pickaxe":7,"minecraft:furnace":7,"minecraft:tipped_arrow":1,"minecraft:stick":17,"minecraft:oak_fence":6,"minecraft:torch":64,"minecraft:green_bed":2,"minecraft:spruce_stairs":1,"minecraft:porkchop":29,"minecraft:diorite":3,"quark:ancient_tome":1,"minecraft:rotten_flesh":162,"minecraft:tropical_fish":1,"farmersdelight:rope":36,"aquaculture:tin_can":1,"minecraft:iron_bars":2,"minecraft:cod":16,"minecraft:snowball":42,"minecraft:cobblestone":185,"aquaculture:lockbox":1,"minecraft:birch_log":92,"minecraft:feather":4,"minecraft:cooked_beef":10,"minecraft:birch_slab":1,"minecraft:andesite":2,"minecraft:smoker":2,"minecraft:potato":10,"minecraft:flint":3,"minecraft:tuff":60,"minecraft:lapis_lazuli":53,"minecraft:dirt":224,"minecraft:lantern":16,"minecraft:leather_boots":1,"minecraft:bone":68,"minecraft:stonecutter":2,"minecraft:bow":14,"minecraft:wheat_seeds":18,"minecraft:raw_gold":25,"minecraft:oak_planks":40,"aquaculture:jellyfish":1,"aquaculture:gar":2,"minecraft:cooked_porkchop":20,"minecraft:birch_fence_gate":1,"minecraft:grass_block":1,"minecraft:chiseled_sandstone":1,"minecraft:bundle":4,"minecraft:polished_andesite":1,"minecraft:diamond":9,"minecraft:spruce_boat":16,"minecraft:granite":13,"minecraft:bone_meal":1,"minecraft:bread":14,"minecraft:emerald":17,"minecraft:jack_o_lantern":1,"minecraft:oak_sapling":13,"sophisticatedbackpacks:gold_backpack":1,"minecraft:charcoal":2,"minecraft:crafting_table":9,"minecraft:chicken":1,"minecraft:leather_leggings":3,"gravestone:obituary":1,"minecraft:shield":1,"minecraft:oak_trapdoor":2,"minecraft:birch_fence":12,"aquaculture:pink_salmon":1,"quark:indigo_corundum":1,"aquaculture:bluegill":4,"minecraft:beef":40,"minecraft:iron_nugget":9,"minecraft:poppy":2,"minecraft:sugar_cane":15,"minecraft:chest":2,"minecraft:birch_sapling":17,"minecraft:spruce_trapdoor":1,"minecraft:phantom_membrane":1,"minecraft:egg":7,"minecraft:raw_iron":184,"minecraft:stripped_crimson_hyphae":3,"minecraft:oak_door":1,"aquaculture:driftwood":1,"ironchest:iron_chest":2,"aquaculture:perch":3,"minecraft:carrot":1,"minecraft:redstone":38,"minecraft:prismarine_crystals":1,"minecraft:tnt":3,"minecraft:arrow":58,"minecraft:cooked_cod":20,"aquaculture:brown_trout":4,"aquaculture:carp":3,"quark:indigo_corundum_cluster":3,"minecraft:saddle":2,"minecraft:gold_ingot":35,"sophisticatedbackpacks:copper_backpack":2,"minecraft:glow_berries":2,"minecraft:mutton":33,"minecraft:rail":4,"minecraft:white_wool":18,"minecraft:bone_block":10,"minecraft:glow_ink_sac":9,"minecraft:salmon":5,"minecraft:leather":14,"minecraft:filled_map":4,"minecraft:birch_planks":3,"minecraft:oak_log":55,"minecraft:lily_pad":2,"minecraft:cobbled_deepslate_stairs":10,"minecraft:gunpowder":35,"minecraft:cooked_mutton":38,"minecraft:apple":8,"minecraft:kelp":2,"minecraft:spruce_wood":9,"minecraft:heart_of_the_sea":1,"minecraft:iron_ingot":98,"minecraft:stone_pickaxe":1,"quark:glow_shroom":5,"minecraft:cooked_chicken":4,"minecraft:cobweb":5,"minecraft:iron_sword":5,"minecraft:book":117,"minecraft:smooth_basalt":1,"minecraft:milk_bucket":1,"minecraft:pumpkin":4,"minecraft:sweet_berries":34,"minecraft:gravel":13,"minecraft:amethyst_shard":32,"minecraft:spruce_sapling":1,"minecraft:blast_furnace":1,"minecraft:white_bed":1,"minecraft:spruce_log":30,"minecraft:spider_eye":12,"minecraft:pumpkin_seeds":4,"minecraft:stone_axe":4,"minecraft:baked_potato":19,"minecraft:black_wool":1,"minecraft:coal":306,"minecraft:ender_pearl":1,"quark:diamond_heart":1},"minecraft:mined":{"minecraft:oak_sapling":1,"minecraft:white_bed":1,"minecraft:cobbled_deepslate_stairs":10,"minecraft:spruce_trapdoor":1,"minecraft:granite":15,"minecraft:stripped_crimson_hyphae":1,"minecraft:grass_block":23,"minecraft:spawner":4,"minecraft:iron_ore":114,"minecraft:cobbled_deepslate":59,"minecraft:pumpkin":2,"minecraft:deepslate_lapis_ore":1,"minecraft:iron_bars":2,"quark:indigo_corundum":1,"minecraft:green_bed":2,"minecraft:deepslate_redstone_ore":1,"minecraft:kelp_plant":1,"minecraft:smoker":2,"minecraft:amethyst_cluster":8,"minecraft:torch":16,"minecraft:blast_furnace":1,"minecraft:calcite":3,"minecraft:poppy":2,"minecraft:chest":2,"minecraft:creeper_wall_head":1,"minecraft:cobblestone":26,"minecraft:sugar_cane":2,"minecraft:oak_planks":41,"minecraft:wall_torch":30,"minecraft:amethyst_block":8,"minecraft:seagrass":2,"minecraft:birch_log":66,"minecraft:birch_door":3,"minecraft:smooth_stone_slab":1,"minecraft:stone_brick_stairs":1,"quark:glow_shroom":5,"minecraft:grass":12,"minecraft:oak_log":45,"minecraft:sand":1,"minecraft:dirt":37,"quark:indigo_corundum_cluster":1,"minecraft:smooth_basalt":1,"minecraft:stonecutter":2,"minecraft:oak_leaves":14,"minecraft:deepslate":289,"minecraft:tuff":58,"minecraft:deepslate_diamond_ore":9,"gravestone:gravestone":9,"minecraft:spruce_leaves":4,"minecraft:kelp":1,"minecraft:oak_trapdoor":2,"minecraft:furnace":7,"minecraft:chiseled_sandstone":1,"minecraft:andesite":2,"minecraft:bookshelf":19,"farmersdelight:rope":15,"minecraft:deepslate_iron_ore":57,"minecraft:lantern":13,"minecraft:stone":149,"minecraft:white_wool":2,"minecraft:crafting_table":8,"minecraft:campfire":1,"minecraft:tall_grass":12,"minecraft:lapis_ore":6,"minecraft:deepslate_gold_ore":2,"minecraft:diorite":3,"minecraft:spruce_stairs":1,"minecraft:birch_planks":1,"minecraft:sweet_berry_bush":2,"minecraft:creeper_head":1,"minecraft:ice":3,"minecraft:spruce_log":30,"minecraft:birch_leaves":3,"minecraft:coal_ore":32,"minecraft:zombie_head":1,"minecraft:gravel":15,"minecraft:cobweb":28,"minecraft:polished_andesite":1,"minecraft:gold_ore":3},"minecraft:crafted":{"extra_ropes:knife":1,"minecraft:oak_planks":160,"minecraft:smooth_stone":3,"minecraft:oak_sign":3,"quark:birch_chest":1,"globalxp:xp_block":1,"minecraft:cooked_chicken":2,"minecraft:stone":6,"moonsweaponry:iron_scythe":1,"sophisticatedbackpacks:crafting_upgrade":1,"minecraft:cooked_mutton":20,"minecraft:iron_bars":16,"minecraft:glass":3,"aquaculture:gold_fishing_rod":1,"minecraft:iron_boots":4,"minecraft:birch_fence_gate":1,"minecraft:chest":1,"moonsweaponry:stone_hammer":1,"moonsweaponry:iron_hammer":1,"minecraft:smoker":1,"minecraft:item_frame":4,"minecraft:wooden_shovel":2,"sophisticatedbackpacks:backpack":1,"minecraft:cooked_porkchop":12,"minecraft:crafting_table":4,"aquaculture:tackle_box":1,"minecraft:spruce_planks":104,"minecraft:wooden_pickaxe":2,"minecraft:iron_helmet":4,"minecraft:spruce_door":3,"minecraft:copper_ingot":26,"moonsweaponry:iron_greatsword":1,"minecraft:birch_planks":104,"minecraft:campfire":4,"sophisticatedbackpacks:upgrade_base":1,"minecraft:spruce_trapdoor":2,"minecraft:iron_chestplate":3,"minecraft:shield":1,"aquaculture:iron_hook":1,"minecraft:birch_fence":30,"minecraft:stick":148,"quark:oak_chest":6,"minecraft:iron_ingot":169,"minecraft:iron_pickaxe":8,"minecraft:iron_block":1,"minecraft:stone_sword":1,"minecraft:gold_ingot":12,"aquaculture:iron_fishing_rod":1,"aquaculture:gold_hook":1,"minecraft:shears":1,"minecraft:wooden_sword":3,"minecraft:coal":3,"minecraft:iron_nugget":16,"minecraft:furnace":3,"minecraft:blast_furnace":1,"minecraft:bone_meal":174,"minecraft:flint_and_steel":1,"minecraft:oak_trapdoor":4,"minecraft:iron_axe":1,"minecraft:stone_pickaxe":2,"minecraft:cobbled_deepslate_stairs":24,"minecraft:spruce_boat":1,"minecraft:cooked_beef":23,"minecraft:red_dye":1,"aquaculture:fishing_line":2,"minecraft:iron_sword":2,"minecraft:bucket":2,"minecraft:stone_axe":2,"minecraft:air":0,"moonsweaponry:golden_hammer":1,"ironchest:iron_to_gold_chest_upgrade":1,"minecraft:gold_nugget":9,"minecraft:birch_trapdoor":4,"minecraft:wooden_axe":3,"minecraft:iron_shovel":1,"minecraft:iron_leggings":4,"minecraft:stonecutter":1,"minecraft:torch":60,"moonsweaponry:diamond_katana":1,"ironchest:iron_chest":4},"minecraft:killed":{"minecraft:cave_spider":8,"minecraft:spider":24,"minecraft:skeleton":56,"friendsandfoes:glare":2,"minecraft:chicken":1,"minecraft:pig":15,"quark:stoneling":1,"minecraft:zombie_villager":3,"minecraft:creeper":12,"minecraft:sheep":13,"minecraft:pillager":2,"minecraft:zombie":125,"minecraft:stray":2,"minecraft:cow":14,"minecraft:vindicator":1,"quark:toretoise":1,"minecraft:phantom":4,"friendsandfoes:moobloom":2,"minecraft:wither_skeleton":2,"minecraft:enderman":1},"minecraft:killed_by":{"minecraft:wither_skeleton":1,"minecraft:pillager":1,"minecraft:cave_spider":1,"minecraft:zombie":2,"minecraft:illusioner":1,"minecraft:spider":1,"minecraft:enderman":1,"minecraft:skeleton":1},"minecraft:custom":{"minecraft:interact_with_crafting_table":134,"minecraft:open_barrel":32,"goblintraders:trade_with_goblin":32,"minecraft:eat_cake_slice":4,"minecraft:leave_game":4,"minecraft:time_since_death":0,"minecraft:sprint_one_cm":1409746,"minecraft:damage_blocked_by_shield":630,"minecraft:drop":126,"minecraft:talked_to_villager":2,"minecraft:play_time":721345,"minecraft:deaths":9,"minecraft:jump":8530,"minecraft:walk_on_water_one_cm":190416,"minecraft:interact_with_furnace":60,"minecraft:interact_with_cartography_table":1,"minecraft:sleep_in_bed":8,"minecraft:damage_dealt":54212,"minecraft:crouch_one_cm":43410,"minecraft:interact_with_smoker":11,"minecraft:mob_kills":300,"minecraft:interact_with_campfire":80,"minecraft:damage_dealt_resisted":2098,"minecraft:climb_one_cm":29557,"minecraft:walk_one_cm":2246713,"minecraft:damage_dealt_absorbed":205,"minecraft:sneak_time":14835,"minecraft:walk_under_water_one_cm":107407,"minecraft:boat_one_cm":280981,"minecraft:interact_with_blast_furnace":12,"minecraft:total_world_time":721345,"minecraft:tune_noteblock":3,"minecraft:interact_with_grindstone":1,"minecraft:interact_with_stonecutter":7,"minecraft:time_since_rest":184,"minecraft:damage_taken":12793,"minecraft:swim_one_cm":139017,"minecraft:fly_one_cm":959206,"minecraft:open_chest":408,"minecraft:fish_caught":45,"minecraft:fall_one_cm":133405},"minecraft:used":{"minecraft:jack_o_lantern":1,"minecraft:oak_sign":2,"minecraft:chest":4,"minecraft:shield":16,"minecraft:iron_sword":393,"minecraft:creeper_head":3,"moonsweaponry:iron_hammer":86,"minecraft:mutton":3,"minecraft:carrot":2,"ironchest:iron_chest":6,"minecraft:tuff":12,"minecraft:snowball":16,"moonsweaponry:iron_scythe":26,"minecraft:spruce_boat":12,"minecraft:lantern":17,"minecraft:birch_sapling":15,"minecraft:item_frame":4,"minecraft:birch_trapdoor":3,"minecraft:bow":1,"minecraft:oak_sapling":13,"minecraft:furnace":7,"minecraft:cooked_cod":22,"minecraft:egg":1,"moonsweaponry:diamond_katana":292,"minecraft:potato":9,"minecraft:spruce_door":3,"minecraft:stone_pickaxe":136,"minecraft:oak_planks":10,"minecraft:wooden_pickaxe":32,"moonsweaponry:golden_hammer":35,"minecraft:white_wool":4,"minecraft:golden_apple":1,"minecraft:blast_furnace":2,"minecraft:shears":1,"minecraft:cobbled_deepslate_stairs":31,"moonsweaponry:stone_hammer":6,"minecraft:birch_slab":1,"minecraft:zombie_head":2,"minecraft:bread":29,"ironchest:iron_to_gold_chest_upgrade":1,"minecraft:gravel":2,"minecraft:wooden_sword":9,"globalxp:xp_block":1,"minecraft:smooth_stone_slab":1,"minecraft:bone_meal":53,"minecraft:oak_trapdoor":5,"minecraft:stone_sword":126,"minecraft:flint_and_steel":2,"minecraft:spruce_planks":15,"minecraft:wooden_shovel":38,"minecraft:cooked_chicken":3,"minecraft:torch":94,"minecraft:dirt":167,"aquaculture:gold_fishing_rod":45,"farmersdelight:rope":32,"minecraft:birch_door":5,"minecraft:wooden_axe":13,"aquaculture:iron_fishing_rod":29,"minecraft:iron_axe":125,"moonsweaponry:iron_greatsword":167,"minecraft:barrel":2,"minecraft:cooked_beef":16,"minecraft:cobbled_deepslate":233,"minecraft:pumpkin":3,"quark:diamond_heart":1,"minecraft:cooked_mutton":46,"aquaculture:tackle_box":1,"minecraft:water_bucket":21,"minecraft:birch_planks":10,"minecraft:bundle":1,"minecraft:polished_andesite":1,"minecraft:baked_potato":19,"minecraft:stonecutter":3,"minecraft:green_bed":1,"minecraft:crafting_table":11,"minecraft:campfire":4,"minecraft:smoker":3,"minecraft:apple":21,"minecraft:iron_pickaxe":751,"minecraft:spruce_trapdoor":2,"minecraft:stone_axe":95,"minecraft:cobblestone":73,"minecraft:cooked_porkchop":25,"minecraft:bucket":23},"minecraft:dropped":{"minecraft:iron_sword":2,"minecraft:cooked_beef":6,"minecraft:oak_log":34,"minecraft:cooked_porkchop":1,"minecraft:flint":1,"minecraft:birch_fence":42,"minecraft:iron_pickaxe":4,"minecraft:birch_log":58,"minecraft:white_wool":4,"minecraft:bone":3,"minecraft:stone_axe":3,"minecraft:cobbled_deepslate":1,"minecraft:rotten_flesh":14,"minecraft:birch_fence_gate":2,"minecraft:poppy":1,"minecraft:gunpowder":3,"aquaculture:bluegill":1,"minecraft:leather_leggings":1,"minecraft:egg":1,"minecraft:water_bucket":2,"minecraft:bread":19,"minecraft:iron_helmet":1,"minecraft:apple":2,"minecraft:granite":1,"minecraft:torch":10,"minecraft:iron_leggings":2,"minecraft:pumpkin":1,"minecraft:iron_shovel":1,"minecraft:string":19,"minecraft:spruce_sapling":1,"minecraft:redstone":38,"minecraft:tuff":2,"minecraft:iron_boots":1,"sophisticatedbackpacks:backpack":1,"minecraft:iron_chestplate":1,"moonsweaponry:diamond_katana":1,"minecraft:bow":7,"minecraft:stone_pickaxe":2}},"DataVersion":3465}