{"stats":{"minecraft:picked_up":{"minecraft:oak_log":1},"minecraft:custom":{"minecraft:jump":16,"minecraft:open_chest":1,"minecraft:time_since_rest":1812,"minecraft:damage_taken":20,"minecraft:crouch_one_cm":141,"minecraft:sprint_one_cm":2674,"minecraft:play_time":1812,"minecraft:walk_on_water_one_cm":1736,"minecraft:time_since_death":1812,"minecraft:walk_one_cm":5347,"minecraft:sneak_time":34,"minecraft:total_world_time":1812,"minecraft:walk_under_water_one_cm":700,"minecraft:swim_one_cm":6663,"minecraft:fall_one_cm":267,"minecraft:fly_one_cm":1108,"minecraft:leave_game":1},"minecraft:crafted":{"minecraft:crafting_table":1,"minecraft:oak_planks":4},"minecraft:mined":{"minecraft:grass":2,"minecraft:oak_log":1}},"DataVersion":3465}