{"stats":{"minecraft:mined":{"minecraft:tuff":34,"minecraft:deepslate_diamond_ore":2,"minecraft:granite":10,"minecraft:spruce_trapdoor":1,"gravestone:gravestone":6,"minecraft:stripped_crimson_hyphae":1,"minecraft:grass_block":13,"minecraft:spruce_leaves":1,"minecraft:spawner":3,"minecraft:furnace":2,"minecraft:iron_ore":27,"minecraft:cobbled_deepslate":10,"minecraft:deepslate_lapis_ore":1,"minecraft:bookshelf":19,"farmersdelight:rope":15,"minecraft:deepslate_iron_ore":41,"minecraft:lantern":12,"minecraft:stone":80,"minecraft:white_wool":2,"minecraft:green_bed":1,"minecraft:deepslate_redstone_ore":1,"minecraft:amethyst_cluster":8,"minecraft:crafting_table":4,"minecraft:torch":1,"minecraft:calcite":3,"minecraft:poppy":1,"minecraft:chest":2,"minecraft:cobblestone":11,"minecraft:lapis_ore":6,"minecraft:sugar_cane":2,"minecraft:oak_planks":15,"minecraft:diorite":1,"minecraft:wall_torch":7,"minecraft:amethyst_block":8,"minecraft:spruce_stairs":1,"minecraft:ice":3,"minecraft:spruce_log":23,"minecraft:coal_ore":15,"minecraft:oak_log":2,"minecraft:dirt":28,"minecraft:cobweb":27,"minecraft:smooth_basalt":1,"minecraft:deepslate":106},"minecraft:killed":{"minecraft:cave_spider":4,"minecraft:spider":1,"minecraft:vindicator":1,"minecraft:skeleton":8,"minecraft:pig":1,"minecraft:zombie_villager":1,"minecraft:sheep":4,"minecraft:pillager":2,"minecraft:zombie":34,"minecraft:stray":2,"minecraft:wither_skeleton":2,"minecraft:cow":7},"minecraft:killed_by":{"minecraft:wither_skeleton":1,"minecraft:spider":1,"minecraft:pillager":1,"minecraft:cave_spider":1,"minecraft:illusioner":1},"minecraft:custom":{"minecraft:mob_kills":68,"minecraft:interact_with_crafting_table":38,"minecraft:open_barrel":19,"minecraft:interact_with_campfire":21,"minecraft:damage_dealt_resisted":827,"minecraft:leave_game":1,"minecraft:time_since_death":23393,"minecraft:climb_one_cm":19987,"minecraft:sprint_one_cm":439173,"minecraft:walk_one_cm":688878,"minecraft:drop":24,"minecraft:talked_to_villager":2,"minecraft:play_time":206431,"minecraft:deaths":5,"minecraft:sneak_time":5164,"minecraft:walk_under_water_one_cm":38214,"minecraft:boat_one_cm":202635,"minecraft:jump":2595,"minecraft:walk_on_water_one_cm":59361,"minecraft:total_world_time":206431,"minecraft:interact_with_furnace":37,"minecraft:interact_with_cartography_table":1,"minecraft:interact_with_grindstone":1,"minecraft:sleep_in_bed":3,"minecraft:time_since_rest":23428,"minecraft:damage_taken":4090,"minecraft:damage_dealt":12048,"minecraft:swim_one_cm":74507,"minecraft:fly_one_cm":325066,"minecraft:open_chest":74,"minecraft:crouch_one_cm":14152,"minecraft:fall_one_cm":36475},"minecraft:picked_up":{"minecraft:wooden_axe":3,"minecraft:crafting_table":5,"aquaculture:catfish":1,"minecraft:amethyst_block":7,"minecraft:string":33,"minecraft:cobbled_deepslate":128,"minecraft:beef":18,"minecraft:calcite":3,"minecraft:iron_nugget":9,"minecraft:poppy":1,"minecraft:iron_pickaxe":5,"minecraft:chest":2,"minecraft:sugar_cane":7,"minecraft:spruce_trapdoor":1,"minecraft:furnace":2,"minecraft:egg":4,"minecraft:raw_iron":75,"minecraft:stick":2,"minecraft:stripped_crimson_hyphae":3,"minecraft:oak_fence":5,"minecraft:torch":20,"minecraft:green_bed":1,"minecraft:spruce_stairs":1,"minecraft:porkchop":6,"minecraft:diorite":1,"minecraft:tnt":3,"minecraft:arrow":5,"minecraft:rotten_flesh":44,"farmersdelight:rope":36,"minecraft:mutton":8,"minecraft:snowball":36,"minecraft:white_wool":10,"minecraft:cobblestone":90,"minecraft:feather":3,"minecraft:cooked_beef":9,"minecraft:leather":6,"minecraft:potato":1,"minecraft:filled_map":2,"minecraft:tuff":34,"minecraft:oak_log":3,"minecraft:gunpowder":18,"minecraft:lapis_lazuli":53,"minecraft:dirt":60,"minecraft:lantern":14,"minecraft:cooked_mutton":17,"minecraft:bone":16,"minecraft:bow":1,"minecraft:spruce_wood":9,"minecraft:iron_ingot":6,"minecraft:stone_pickaxe":1,"minecraft:cooked_chicken":3,"minecraft:oak_planks":15,"minecraft:iron_sword":3,"minecraft:book":57,"minecraft:smooth_basalt":1,"minecraft:cooked_porkchop":9,"minecraft:amethyst_shard":32,"minecraft:spruce_sapling":1,"minecraft:spruce_log":23,"minecraft:spider_eye":2,"minecraft:bundle":3,"minecraft:diamond":2,"minecraft:stone_axe":1,"minecraft:spruce_boat":15,"minecraft:granite":11,"minecraft:bread":7,"minecraft:emerald":17,"minecraft:baked_potato":7,"minecraft:coal":55},"minecraft:dropped":{"minecraft:cooked_beef":6,"minecraft:iron_helmet":1,"minecraft:apple":2,"minecraft:iron_leggings":1,"minecraft:iron_pickaxe":2,"minecraft:string":2,"minecraft:white_wool":4,"minecraft:spruce_sapling":1,"minecraft:bone":3,"minecraft:cobbled_deepslate":1,"minecraft:iron_boots":1,"minecraft:poppy":1,"minecraft:iron_chestplate":1,"minecraft:stone_pickaxe":2,"minecraft:egg":1},"minecraft:used":{"minecraft:stone_sword":126,"minecraft:spruce_planks":1,"minecraft:chest":4,"minecraft:iron_sword":186,"minecraft:wooden_shovel":38,"minecraft:cooked_chicken":3,"minecraft:torch":25,"minecraft:dirt":6,"minecraft:mutton":3,"minecraft:carrot":2,"minecraft:snowball":16,"farmersdelight:rope":22,"minecraft:spruce_boat":12,"minecraft:wooden_axe":13,"minecraft:lantern":16,"minecraft:barrel":2,"minecraft:bow":1,"minecraft:furnace":4,"minecraft:egg":1,"minecraft:cooked_beef":7,"minecraft:cobbled_deepslate":71,"minecraft:cooked_mutton":18,"minecraft:bundle":1,"minecraft:stone_pickaxe":83,"minecraft:baked_potato":1,"minecraft:wooden_pickaxe":32,"minecraft:green_bed":1,"minecraft:white_wool":4,"minecraft:crafting_table":6,"minecraft:campfire":1,"moonsweaponry:stone_hammer":6,"minecraft:apple":21,"minecraft:iron_pickaxe":273,"minecraft:spruce_trapdoor":2,"minecraft:stone_axe":49,"minecraft:wooden_sword":9,"minecraft:cobblestone":25,"minecraft:cooked_porkchop":3,"minecraft:bucket":1},"minecraft:crafted":{"minecraft:wooden_sword":3,"minecraft:oak_planks":8,"minecraft:cooked_chicken":2,"minecraft:furnace":2,"minecraft:cooked_mutton":6,"minecraft:iron_boots":2,"minecraft:stone_pickaxe":2,"minecraft:spruce_boat":1,"moonsweaponry:stone_hammer":1,"minecraft:cooked_beef":9,"minecraft:wooden_shovel":2,"minecraft:crafting_table":3,"minecraft:spruce_planks":104,"minecraft:iron_helmet":2,"minecraft:wooden_pickaxe":2,"minecraft:iron_sword":1,"minecraft:campfire":1,"minecraft:stone_axe":2,"minecraft:spruce_trapdoor":2,"minecraft:iron_chestplate":2,"minecraft:shield":1,"minecraft:stick":56,"minecraft:iron_ingot":78,"minecraft:iron_pickaxe":3,"minecraft:wooden_axe":3,"minecraft:stone_sword":1,"minecraft:iron_leggings":2,"minecraft:torch":24}},"DataVersion":3465}