{"stats":{"minecraft:mined":{"minecraft:dark_oak_planks":1,"minecraft:large_amethyst_bud":1,"minecraft:spruce_planks":8,"minecraft:deepslate_diamond_ore":3,"minecraft:black_terracotta":1,"minecraft:spruce_trapdoor":2,"gravestone:gravestone":6,"minecraft:spruce_fence":2,"minecraft:coal_block":3,"minecraft:sandstone":1,"minecraft:spawner":8,"minecraft:furnace":1,"minecraft:barrel":1,"minecraft:iron_ore":50,"minecraft:andesite":2,"minecraft:anvil":1,"minecraft:dark_oak_stairs":7,"minecraft:gold_block":8,"minecraft:deepslate_iron_ore":36,"minecraft:lantern":8,"minecraft:black_candle":1,"minecraft:stone":61,"minecraft:white_wool":1,"minecraft:spruce_slab":1,"quark:oak_chest":2,"minecraft:amethyst_cluster":3,"minecraft:crafting_table":1,"minecraft:torch":2,"minecraft:melon":3,"minecraft:tall_grass":5,"minecraft:cobblestone":12,"minecraft:deepslate_gold_ore":2,"minecraft:lapis_ore":5,"minecraft:amethyst_block":2,"minecraft:wall_torch":5,"minecraft:spruce_stairs":7,"minecraft:dark_oak_slab":6,"minecraft:light_gray_wool":1,"minecraft:grass":10,"minecraft:coal_ore":69,"minecraft:oak_log":22,"minecraft:sand":23,"minecraft:dirt":5,"minecraft:stone_bricks":2,"minecraft:gold_ore":9,"minecraft:oak_leaves":3,"minecraft:deepslate":50},"minecraft:broken":{"minecraft:iron_boots":1,"minecraft:iron_sword":2,"minecraft:iron_pickaxe":1,"quark:forgotten_hat":1},"minecraft:killed_by":{"minecraft:skeleton":6},"minecraft:picked_up":{"minecraft:iron_chestplate":1,"minecraft:crafting_table":1,"minecraft:chicken":5,"minecraft:anvil":1,"minecraft:gold_block":8,"gravestone:obituary":2,"minecraft:amethyst_block":1,"minecraft:string":13,"minecraft:cobbled_deepslate":41,"minecraft:spruce_planks":7,"minecraft:beef":26,"minecraft:spruce_slab":22,"minecraft:iron_pickaxe":1,"minecraft:light_gray_wool":2,"minecraft:coal_block":3,"minecraft:melon_slice":14,"minecraft:furnace":1,"minecraft:birch_sapling":6,"minecraft:smooth_quartz_stairs":2,"minecraft:spruce_trapdoor":3,"minecraft:egg":5,"minecraft:iron_boots":1,"minecraft:raw_iron":92,"minecraft:sandstone":1,"aquaculture:tambaqui":1,"minecraft:torch":11,"minecraft:spruce_stairs":8,"minecraft:spruce_fence":4,"minecraft:porkchop":16,"minecraft:dark_oak_planks":1,"minecraft:arrow":93,"minecraft:rotten_flesh":37,"minecraft:mutton":20,"minecraft:cod":2,"minecraft:white_wool":8,"minecraft:cobblestone":71,"quark:crab_leg":2,"minecraft:feather":18,"minecraft:cooked_beef":12,"minecraft:andesite":4,"minecraft:leather":15,"minecraft:music_disc_stal":1,"minecraft:potato":2,"minecraft:crimson_fungus":32,"minecraft:oak_log":40,"minecraft:gunpowder":1,"minecraft:lapis_lazuli":35,"minecraft:dirt":10,"minecraft:lantern":9,"quark:forgotten_hat":1,"minecraft:bone":89,"minecraft:stone_bricks":2,"minecraft:bow":1,"minecraft:wheat_seeds":2,"minecraft:raw_gold":18,"minecraft:rabbit_hide":10,"minecraft:cooked_chicken":4,"minecraft:cobweb":3,"minecraft:iron_sword":1,"minecraft:dark_oak_stairs":10,"minecraft:dark_oak_slab":8,"minecraft:black_terracotta":1,"minecraft:black_candle":9,"minecraft:cooked_porkchop":7,"minecraft:quartz":12,"minecraft:sand":34,"minecraft:amethyst_shard":12,"quark:oak_chest":2,"minecraft:spider_eye":6,"minecraft:diamond":3,"minecraft:iron_helmet":1,"minecraft:gray_wool":2,"minecraft:spruce_sign":3,"minecraft:bread":4,"minecraft:oak_sapling":3,"minecraft:coal":132},"minecraft:custom":{"minecraft:mob_kills":292,"minecraft:interact_with_anvil":7,"minecraft:interact_with_crafting_table":30,"minecraft:open_barrel":70,"minecraft:interact_with_campfire":25,"minecraft:damage_dealt_resisted":134,"minecraft:leave_game":2,"minecraft:time_since_death":26035,"minecraft:climb_one_cm":1032,"minecraft:sprint_one_cm":496911,"minecraft:walk_one_cm":1090015,"minecraft:drop":19,"minecraft:play_time":232520,"minecraft:deaths":6,"minecraft:sneak_time":2245,"minecraft:walk_under_water_one_cm":23183,"minecraft:interact_with_lectern":7,"minecraft:jump":2482,"minecraft:walk_on_water_one_cm":46761,"minecraft:total_world_time":232520,"minecraft:interact_with_furnace":28,"minecraft:interact_with_loom":2,"minecraft:sleep_in_bed":1,"minecraft:time_since_rest":26066,"minecraft:damage_taken":7051,"minecraft:damage_dealt":58846,"minecraft:swim_one_cm":61575,"minecraft:fly_one_cm":262282,"minecraft:open_chest":106,"minecraft:crouch_one_cm":3487,"minecraft:interact_with_smoker":2,"minecraft:fall_one_cm":34115},"minecraft:killed":{"minecraft:spider":10,"quark:toretoise":1,"minecraft:dolphin":6,"quark:forgotten":1,"minecraft:skeleton":96,"friendsandfoes:mauler":1,"minecraft:chicken":2,"quark:crab":1,"minecraft:silverfish":63,"minecraft:wolf":1,"minecraft:parrot":1,"minecraft:pig":10,"minecraft:bat":1,"minecraft:creeper":2,"minecraft:sheep":7,"minecraft:zombie":42,"minecraft:enderman":1,"minecraft:cow":12},"minecraft:dropped":{"minecraft:feather":2,"minecraft:stick":1,"minecraft:gold_block":8,"minecraft:black_candle":9,"minecraft:sand":11,"minecraft:iron_pickaxe":1,"minecraft:string":5,"aquaculture:tambaqui":2,"minecraft:cooked_chicken":2,"minecraft:cobbled_deepslate":6,"minecraft:chicken":2,"quark:crab_leg":1,"minecraft:spruce_fence":2,"minecraft:iron_chestplate":1,"minecraft:andesite":1},"minecraft:crafted":{"minecraft:wooden_sword":1,"minecraft:oak_planks":160,"minecraft:golden_chestplate":1,"minecraft:furnace":1,"moonsweaponry:diamond_greatsword":1,"minecraft:cooked_mutton":7,"minecraft:bow":1,"minecraft:iron_axe":1,"minecraft:stone_pickaxe":1,"minecraft:cooked_beef":23,"minecraft:cooked_porkchop":7,"minecraft:crafting_table":4,"minecraft:wooden_pickaxe":1,"minecraft:iron_sword":2,"minecraft:bucket":1,"minecraft:air":0,"minecraft:iron_chestplate":1,"minecraft:diamond_pickaxe":1,"minecraft:stick":28,"quark:oak_chest":6,"minecraft:iron_ingot":76,"minecraft:iron_pickaxe":3,"minecraft:iron_block":3,"minecraft:stone_sword":1,"minecraft:gold_ingot":18,"minecraft:anvil":1,"minecraft:torch":4,"moonsweaponry:diamond_katana":1},"minecraft:used":{"moonsweaponry:diamond_greatsword":512,"minecraft:stone_sword":3,"minecraft:flint_and_steel":1,"minecraft:iron_sword":423,"minecraft:cooked_chicken":2,"minecraft:torch":11,"minecraft:anvil":1,"minecraft:dirt":2,"minecraft:mutton":4,"minecraft:spruce_stairs":4,"minecraft:lantern":8,"minecraft:iron_axe":62,"minecraft:birch_sapling":6,"minecraft:stone_bricks":2,"minecraft:bow":35,"minecraft:furnace":1,"moonsweaponry:diamond_katana":281,"minecraft:cooked_beef":13,"minecraft:cobbled_deepslate":3,"minecraft:cooked_mutton":7,"minecraft:stone_pickaxe":65,"minecraft:wooden_pickaxe":14,"minecraft:white_wool":20,"minecraft:sand":17,"minecraft:tnt":2,"minecraft:crafting_table":4,"minecraft:bread":66,"minecraft:iron_pickaxe":273,"minecraft:spruce_trapdoor":1,"minecraft:wooden_sword":59,"minecraft:cobblestone":31,"minecraft:cooked_porkchop":3,"minecraft:porkchop":2,"minecraft:andesite":3,"quark:oak_chest":8}},"DataVersion":3465}