{"stats":{"minecraft:broken":{"minecraft:iron_boots":1,"minecraft:stone_pickaxe":1,"minecraft:iron_pickaxe":1,"minecraft:iron_helmet":1},"minecraft:picked_up":{"minecraft:wooden_axe":3,"minecraft:charcoal":2,"minecraft:crafting_table":7,"minecraft:creeper_head":1,"aquaculture:catfish":1,"minecraft:leather_leggings":2,"minecraft:shield":1,"minecraft:amethyst_block":7,"minecraft:raw_copper":13,"minecraft:string":48,"minecraft:iron_leggings":1,"minecraft:zombie_head":1,"minecraft:cobbled_deepslate":351,"minecraft:beef":18,"minecraft:calcite":3,"minecraft:iron_nugget":9,"minecraft:poppy":1,"minecraft:iron_pickaxe":7,"minecraft:sugar_cane":11,"minecraft:chest":2,"minecraft:spruce_trapdoor":1,"minecraft:furnace":6,"minecraft:egg":5,"minecraft:stick":2,"minecraft:raw_iron":91,"minecraft:stripped_crimson_hyphae":3,"minecraft:oak_door":1,"minecraft:oak_fence":6,"minecraft:torch":43,"minecraft:green_bed":2,"minecraft:spruce_stairs":1,"ironchest:iron_chest":1,"minecraft:porkchop":10,"minecraft:diorite":1,"minecraft:redstone":38,"minecraft:tnt":3,"minecraft:cooked_cod":4,"minecraft:arrow":24,"minecraft:rotten_flesh":80,"sophisticatedbackpacks:copper_backpack":1,"farmersdelight:rope":36,"minecraft:bone_block":9,"minecraft:glow_berries":2,"minecraft:mutton":8,"minecraft:rail":4,"minecraft:snowball":38,"minecraft:white_wool":10,"minecraft:cobblestone":130,"minecraft:feather":3,"minecraft:cooked_beef":9,"minecraft:leather":6,"minecraft:smoker":1,"minecraft:potato":5,"minecraft:filled_map":3,"minecraft:flint":1,"minecraft:tuff":45,"minecraft:oak_log":24,"minecraft:cobbled_deepslate_stairs":10,"minecraft:gunpowder":21,"minecraft:lapis_lazuli":53,"minecraft:dirt":62,"minecraft:lantern":15,"minecraft:cooked_mutton":17,"minecraft:bone":33,"minecraft:stonecutter":2,"minecraft:bow":10,"minecraft:spruce_wood":9,"minecraft:iron_ingot":31,"minecraft:stone_pickaxe":1,"minecraft:cooked_chicken":4,"minecraft:iron_sword":5,"minecraft:oak_planks":38,"minecraft:book":57,"minecraft:smooth_basalt":1,"minecraft:cooked_porkchop":13,"minecraft:gravel":11,"minecraft:amethyst_shard":32,"minecraft:spruce_sapling":1,"minecraft:blast_furnace":1,"minecraft:white_bed":1,"minecraft:spruce_log":30,"minecraft:spider_eye":4,"minecraft:bundle":4,"minecraft:diamond":6,"minecraft:spruce_boat":15,"minecraft:stone_axe":4,"minecraft:granite":11,"minecraft:bread":14,"minecraft:emerald":17,"minecraft:baked_potato":19,"minecraft:coal":173,"quark:diamond_heart":1},"minecraft:mined":{"minecraft:tuff":43,"minecraft:white_bed":1,"minecraft:deepslate_diamond_ore":6,"minecraft:cobbled_deepslate_stairs":10,"minecraft:spruce_trapdoor":1,"gravestone:gravestone":7,"minecraft:granite":13,"minecraft:stripped_crimson_hyphae":1,"minecraft:grass_block":17,"minecraft:spruce_leaves":4,"minecraft:spawner":3,"minecraft:furnace":6,"minecraft:iron_ore":27,"minecraft:cobbled_deepslate":59,"minecraft:deepslate_lapis_ore":1,"minecraft:bookshelf":19,"farmersdelight:rope":15,"minecraft:deepslate_iron_ore":50,"minecraft:lantern":13,"minecraft:stone":101,"minecraft:white_wool":2,"minecraft:green_bed":2,"minecraft:deepslate_redstone_ore":1,"minecraft:smoker":1,"minecraft:amethyst_cluster":8,"minecraft:crafting_table":6,"minecraft:torch":8,"minecraft:blast_furnace":1,"minecraft:calcite":3,"minecraft:poppy":1,"minecraft:chest":2,"minecraft:campfire":1,"minecraft:cobblestone":25,"minecraft:lapis_ore":6,"minecraft:sugar_cane":2,"minecraft:oak_planks":41,"minecraft:diorite":1,"minecraft:wall_torch":19,"minecraft:amethyst_block":8,"minecraft:spruce_stairs":1,"minecraft:ice":3,"minecraft:spruce_log":30,"minecraft:coal_ore":15,"minecraft:oak_log":15,"minecraft:sand":1,"minecraft:gravel":15,"minecraft:dirt":33,"minecraft:cobweb":28,"minecraft:smooth_basalt":1,"minecraft:stonecutter":2,"minecraft:deepslate":268},"minecraft:crafted":{"minecraft:wooden_sword":3,"minecraft:smooth_stone":3,"minecraft:oak_planks":12,"minecraft:coal":3,"minecraft:cooked_chicken":2,"minecraft:furnace":3,"minecraft:blast_furnace":1,"minecraft:stone":6,"minecraft:cooked_mutton":6,"minecraft:oak_trapdoor":2,"minecraft:glass":3,"minecraft:iron_boots":3,"minecraft:stone_pickaxe":2,"minecraft:cobbled_deepslate_stairs":24,"minecraft:spruce_boat":1,"moonsweaponry:stone_hammer":1,"minecraft:smoker":1,"minecraft:cooked_beef":9,"minecraft:wooden_shovel":2,"minecraft:crafting_table":3,"minecraft:spruce_planks":104,"minecraft:wooden_pickaxe":2,"minecraft:iron_helmet":3,"minecraft:iron_sword":2,"minecraft:spruce_door":3,"minecraft:copper_ingot":26,"minecraft:campfire":2,"minecraft:stone_axe":2,"minecraft:air":0,"minecraft:spruce_trapdoor":2,"minecraft:iron_chestplate":3,"minecraft:shield":1,"minecraft:stick":64,"quark:oak_chest":1,"minecraft:iron_ingot":126,"minecraft:iron_pickaxe":4,"minecraft:wooden_axe":3,"minecraft:stone_sword":1,"minecraft:iron_leggings":3,"minecraft:stonecutter":1,"minecraft:torch":32,"moonsweaponry:diamond_katana":1,"ironchest:iron_chest":1},"minecraft:killed":{"minecraft:cave_spider":7,"minecraft:spider":3,"minecraft:vindicator":1,"quark:toretoise":1,"minecraft:phantom":1,"minecraft:skeleton":27,"friendsandfoes:glare":2,"minecraft:pig":4,"quark:stoneling":1,"minecraft:zombie_villager":1,"minecraft:creeper":3,"minecraft:sheep":4,"minecraft:pillager":2,"minecraft:zombie":57,"minecraft:stray":2,"minecraft:wither_skeleton":2,"minecraft:cow":7},"minecraft:killed_by":{"minecraft:wither_skeleton":1,"minecraft:spider":1,"minecraft:pillager":1,"minecraft:cave_spider":1,"minecraft:skeleton":1,"minecraft:illusioner":1},"minecraft:custom":{"minecraft:mob_kills":131,"minecraft:interact_with_crafting_table":67,"minecraft:open_barrel":19,"goblintraders:trade_with_goblin":32,"minecraft:interact_with_campfire":40,"minecraft:damage_dealt_resisted":827,"minecraft:eat_cake_slice":4,"minecraft:leave_game":2,"minecraft:time_since_death":101774,"minecraft:climb_one_cm":29557,"minecraft:sprint_one_cm":791283,"minecraft:walk_one_cm":1333674,"minecraft:damage_blocked_by_shield":315,"minecraft:drop":59,"minecraft:damage_dealt_absorbed":40,"minecraft:talked_to_villager":2,"minecraft:play_time":384193,"minecraft:deaths":6,"minecraft:sneak_time":10192,"minecraft:walk_under_water_one_cm":61116,"minecraft:boat_one_cm":280981,"minecraft:jump":4636,"minecraft:interact_with_blast_furnace":5,"minecraft:walk_on_water_one_cm":87576,"minecraft:total_world_time":384193,"minecraft:interact_with_furnace":57,"minecraft:tune_noteblock":3,"minecraft:interact_with_cartography_table":1,"minecraft:interact_with_stonecutter":2,"minecraft:interact_with_grindstone":1,"minecraft:sleep_in_bed":3,"minecraft:time_since_rest":101833,"minecraft:damage_taken":6992,"minecraft:damage_dealt":23994,"minecraft:fly_one_cm":481898,"minecraft:swim_one_cm":95667,"minecraft:open_chest":173,"minecraft:crouch_one_cm":33892,"minecraft:fall_one_cm":65735},"minecraft:dropped":{"minecraft:bread":7,"minecraft:iron_sword":2,"minecraft:cooked_beef":6,"minecraft:oak_log":7,"minecraft:iron_helmet":1,"minecraft:apple":2,"minecraft:iron_leggings":2,"minecraft:iron_pickaxe":4,"minecraft:redstone":38,"minecraft:string":10,"minecraft:white_wool":4,"minecraft:spruce_sapling":1,"minecraft:bone":3,"minecraft:stone_axe":3,"minecraft:cobbled_deepslate":1,"minecraft:tuff":2,"minecraft:rotten_flesh":14,"minecraft:iron_boots":1,"minecraft:poppy":1,"minecraft:iron_chestplate":1,"minecraft:leather_leggings":1,"minecraft:bow":7,"minecraft:stone_pickaxe":2,"minecraft:egg":1},"minecraft:used":{"minecraft:oak_trapdoor":1,"minecraft:stone_sword":126,"minecraft:chest":4,"minecraft:spruce_planks":15,"minecraft:shield":8,"minecraft:iron_sword":386,"minecraft:wooden_shovel":38,"minecraft:cooked_chicken":3,"minecraft:torch":67,"minecraft:dirt":6,"minecraft:mutton":3,"minecraft:carrot":2,"ironchest:iron_chest":1,"minecraft:snowball":16,"farmersdelight:rope":32,"minecraft:spruce_boat":12,"minecraft:wooden_axe":13,"minecraft:lantern":17,"minecraft:barrel":2,"minecraft:bow":1,"minecraft:furnace":6,"moonsweaponry:diamond_katana":40,"quark:diamond_heart":1,"minecraft:egg":1,"minecraft:potato":9,"minecraft:cooked_beef":9,"minecraft:cobbled_deepslate":233,"minecraft:cooked_mutton":18,"minecraft:water_bucket":4,"minecraft:spruce_door":3,"minecraft:bundle":1,"minecraft:stone_pickaxe":136,"minecraft:baked_potato":19,"minecraft:oak_planks":10,"minecraft:wooden_pickaxe":32,"minecraft:stonecutter":2,"minecraft:green_bed":1,"minecraft:golden_apple":1,"minecraft:white_wool":4,"minecraft:crafting_table":8,"minecraft:blast_furnace":1,"minecraft:campfire":2,"minecraft:smoker":1,"minecraft:cobbled_deepslate_stairs":31,"moonsweaponry:stone_hammer":6,"minecraft:apple":21,"minecraft:bread":25,"minecraft:iron_pickaxe":527,"minecraft:spruce_trapdoor":2,"minecraft:gravel":2,"minecraft:stone_axe":95,"minecraft:wooden_sword":9,"minecraft:cobblestone":63,"minecraft:cooked_porkchop":7,"minecraft:bucket":5}},"DataVersion":3465}