{"stats":{"minecraft:killed":{"minecraft:cave_spider":7,"minecraft:spider":17,"minecraft:skeleton":36,"friendsandfoes:glare":2,"minecraft:chicken":1,"minecraft:pig":15,"quark:stoneling":1,"minecraft:zombie_villager":2,"minecraft:creeper":6,"minecraft:sheep":5,"minecraft:pillager":2,"minecraft:zombie":82,"minecraft:stray":2,"minecraft:cow":14,"minecraft:vindicator":1,"quark:toretoise":1,"minecraft:phantom":1,"friendsandfoes:moobloom":2,"minecraft:wither_skeleton":2,"minecraft:enderman":1},"minecraft:used":{"minecraft:oak_sign":1,"minecraft:chest":4,"minecraft:shield":16,"minecraft:iron_sword":393,"minecraft:creeper_head":3,"minecraft:mutton":3,"minecraft:carrot":2,"ironchest:iron_chest":6,"minecraft:snowball":16,"moonsweaponry:iron_scythe":21,"minecraft:spruce_boat":12,"minecraft:lantern":17,"minecraft:birch_sapling":15,"minecraft:item_frame":4,"minecraft:birch_trapdoor":2,"minecraft:bow":1,"minecraft:furnace":7,"minecraft:oak_sapling":13,"minecraft:cooked_cod":1,"minecraft:egg":1,"moonsweaponry:diamond_katana":287,"minecraft:potato":9,"minecraft:spruce_door":3,"minecraft:stone_pickaxe":136,"minecraft:oak_planks":10,"minecraft:wooden_pickaxe":32,"minecraft:white_wool":4,"minecraft:golden_apple":1,"minecraft:blast_furnace":2,"minecraft:shears":1,"minecraft:cobbled_deepslate_stairs":31,"moonsweaponry:stone_hammer":6,"minecraft:birch_slab":1,"minecraft:zombie_head":2,"minecraft:bread":27,"ironchest:iron_to_gold_chest_upgrade":1,"minecraft:gravel":2,"minecraft:wooden_sword":9,"globalxp:xp_block":1,"minecraft:bone_meal":53,"minecraft:oak_trapdoor":5,"minecraft:stone_sword":126,"minecraft:flint_and_steel":2,"minecraft:spruce_planks":15,"minecraft:wooden_shovel":38,"minecraft:cooked_chicken":3,"minecraft:torch":72,"minecraft:dirt":118,"aquaculture:gold_fishing_rod":6,"farmersdelight:rope":32,"minecraft:birch_door":5,"minecraft:wooden_axe":13,"aquaculture:iron_fishing_rod":10,"minecraft:iron_axe":117,"minecraft:barrel":2,"minecraft:cooked_beef":9,"minecraft:pumpkin":3,"minecraft:cobbled_deepslate":233,"quark:diamond_heart":1,"minecraft:cooked_mutton":31,"minecraft:water_bucket":4,"minecraft:birch_planks":10,"minecraft:bundle":1,"minecraft:baked_potato":19,"minecraft:stonecutter":3,"minecraft:green_bed":1,"minecraft:crafting_table":11,"minecraft:campfire":4,"minecraft:smoker":3,"minecraft:apple":21,"minecraft:iron_pickaxe":534,"minecraft:spruce_trapdoor":2,"minecraft:stone_axe":95,"minecraft:cobblestone":63,"minecraft:cooked_porkchop":19,"minecraft:bucket":5},"minecraft:custom":{"minecraft:interact_with_crafting_table":113,"minecraft:open_barrel":32,"goblintraders:trade_with_goblin":32,"minecraft:eat_cake_slice":4,"minecraft:leave_game":3,"minecraft:time_since_death":145490,"minecraft:sprint_one_cm":1110635,"minecraft:damage_blocked_by_shield":630,"minecraft:drop":108,"minecraft:talked_to_villager":2,"minecraft:play_time":537248,"minecraft:deaths":7,"minecraft:jump":6333,"minecraft:walk_on_water_one_cm":89154,"minecraft:interact_with_furnace":59,"minecraft:interact_with_cartography_table":1,"minecraft:sleep_in_bed":3,"minecraft:damage_dealt":36730,"minecraft:crouch_one_cm":35676,"minecraft:interact_with_smoker":10,"minecraft:mob_kills":208,"minecraft:interact_with_campfire":49,"minecraft:damage_dealt_resisted":827,"minecraft:climb_one_cm":29557,"minecraft:walk_one_cm":1848310,"minecraft:damage_dealt_absorbed":40,"minecraft:sneak_time":10903,"minecraft:walk_under_water_one_cm":61318,"minecraft:boat_one_cm":280981,"minecraft:interact_with_blast_furnace":7,"minecraft:total_world_time":537248,"minecraft:tune_noteblock":3,"minecraft:interact_with_stonecutter":4,"minecraft:interact_with_grindstone":1,"minecraft:time_since_rest":145526,"minecraft:damage_taken":9179,"minecraft:swim_one_cm":96754,"minecraft:fly_one_cm":705689,"minecraft:open_chest":337,"minecraft:fish_caught":6,"minecraft:fall_one_cm":91573},"minecraft:broken":{"minecraft:iron_boots":1,"minecraft:stone_pickaxe":1,"minecraft:iron_pickaxe":1,"minecraft:iron_helmet":1},"minecraft:mined":{"minecraft:white_bed":1,"minecraft:oak_sapling":1,"minecraft:cobbled_deepslate_stairs":10,"minecraft:spruce_trapdoor":1,"minecraft:granite":13,"minecraft:stripped_crimson_hyphae":1,"minecraft:grass_block":23,"minecraft:spawner":3,"minecraft:cobbled_deepslate":59,"minecraft:iron_ore":27,"minecraft:pumpkin":2,"minecraft:deepslate_lapis_ore":1,"minecraft:green_bed":2,"minecraft:deepslate_redstone_ore":1,"minecraft:smoker":2,"minecraft:amethyst_cluster":8,"minecraft:torch":8,"minecraft:blast_furnace":1,"minecraft:calcite":3,"minecraft:poppy":1,"minecraft:chest":2,"minecraft:creeper_wall_head":1,"minecraft:cobblestone":26,"minecraft:oak_planks":41,"minecraft:sugar_cane":2,"minecraft:wall_torch":24,"minecraft:amethyst_block":8,"minecraft:birch_log":59,"minecraft:birch_door":3,"minecraft:grass":11,"minecraft:oak_log":45,"minecraft:sand":1,"minecraft:dirt":36,"minecraft:smooth_basalt":1,"minecraft:stonecutter":2,"minecraft:oak_leaves":14,"minecraft:deepslate":268,"minecraft:tuff":43,"minecraft:deepslate_diamond_ore":6,"gravestone:gravestone":8,"minecraft:spruce_leaves":4,"minecraft:oak_trapdoor":2,"minecraft:furnace":7,"minecraft:bookshelf":19,"farmersdelight:rope":15,"minecraft:deepslate_iron_ore":50,"minecraft:lantern":13,"minecraft:stone":103,"minecraft:white_wool":2,"minecraft:crafting_table":8,"minecraft:campfire":1,"minecraft:tall_grass":12,"minecraft:lapis_ore":6,"minecraft:diorite":1,"minecraft:spruce_stairs":1,"minecraft:birch_planks":1,"minecraft:sweet_berry_bush":2,"minecraft:ice":3,"minecraft:creeper_head":1,"minecraft:spruce_log":30,"minecraft:birch_leaves":3,"minecraft:coal_ore":15,"minecraft:zombie_head":1,"minecraft:gravel":15,"minecraft:cobweb":28},"minecraft:crafted":{"minecraft:oak_planks":148,"minecraft:smooth_stone":3,"minecraft:oak_sign":3,"globalxp:xp_block":1,"minecraft:cooked_chicken":2,"minecraft:stone":6,"moonsweaponry:iron_scythe":1,"sophisticatedbackpacks:crafting_upgrade":1,"minecraft:cooked_mutton":20,"minecraft:iron_bars":16,"minecraft:glass":3,"aquaculture:gold_fishing_rod":1,"minecraft:iron_boots":3,"minecraft:birch_fence_gate":1,"minecraft:chest":1,"moonsweaponry:stone_hammer":1,"minecraft:smoker":1,"minecraft:item_frame":4,"minecraft:wooden_shovel":2,"sophisticatedbackpacks:backpack":1,"minecraft:cooked_porkchop":12,"minecraft:crafting_table":4,"minecraft:spruce_planks":104,"minecraft:wooden_pickaxe":2,"minecraft:iron_helmet":3,"minecraft:spruce_door":3,"minecraft:copper_ingot":26,"minecraft:birch_planks":76,"minecraft:campfire":4,"sophisticatedbackpacks:upgrade_base":1,"minecraft:spruce_trapdoor":2,"minecraft:iron_chestplate":3,"minecraft:shield":1,"minecraft:birch_fence":30,"minecraft:stick":120,"quark:oak_chest":6,"minecraft:iron_ingot":126,"minecraft:iron_pickaxe":4,"minecraft:stone_sword":1,"aquaculture:iron_fishing_rod":1,"minecraft:shears":1,"minecraft:wooden_sword":3,"minecraft:coal":3,"minecraft:furnace":3,"minecraft:blast_furnace":1,"minecraft:bone_meal":174,"minecraft:oak_trapdoor":4,"minecraft:flint_and_steel":1,"minecraft:iron_axe":1,"minecraft:stone_pickaxe":2,"minecraft:cobbled_deepslate_stairs":24,"minecraft:spruce_boat":1,"minecraft:cooked_beef":23,"aquaculture:fishing_line":1,"minecraft:iron_sword":2,"minecraft:stone_axe":2,"minecraft:air":0,"ironchest:iron_to_gold_chest_upgrade":1,"minecraft:birch_trapdoor":2,"minecraft:wooden_axe":3,"minecraft:iron_shovel":1,"minecraft:iron_leggings":3,"minecraft:stonecutter":1,"minecraft:torch":32,"moonsweaponry:diamond_katana":1,"ironchest:iron_chest":4},"minecraft:dropped":{"minecraft:iron_sword":2,"minecraft:cooked_beef":6,"minecraft:oak_log":34,"minecraft:cooked_porkchop":1,"minecraft:birch_fence":42,"minecraft:iron_pickaxe":4,"minecraft:birch_log":58,"minecraft:white_wool":4,"minecraft:bone":3,"minecraft:stone_axe":3,"minecraft:cobbled_deepslate":1,"minecraft:rotten_flesh":14,"minecraft:birch_fence_gate":2,"minecraft:poppy":1,"minecraft:leather_leggings":1,"minecraft:egg":1,"minecraft:water_bucket":1,"minecraft:bread":19,"minecraft:iron_helmet":1,"minecraft:apple":2,"minecraft:iron_leggings":2,"minecraft:pumpkin":1,"minecraft:iron_shovel":1,"minecraft:string":19,"minecraft:spruce_sapling":1,"minecraft:redstone":38,"minecraft:tuff":2,"minecraft:iron_boots":1,"sophisticatedbackpacks:backpack":1,"minecraft:iron_chestplate":1,"minecraft:bow":7,"minecraft:stone_pickaxe":2},"minecraft:killed_by":{"minecraft:wither_skeleton":1,"minecraft:pillager":1,"minecraft:cave_spider":1,"minecraft:illusioner":1,"minecraft:spider":1,"minecraft:enderman":1,"minecraft:skeleton":1},"minecraft:picked_up":{"quark:diamond_heart":1,"minecraft:birch_door":5,"aquaculture:catfish":1,"minecraft:creeper_head":3,"minecraft:enchanted_book":2,"minecraft:potion":1,"minecraft:amethyst_block":7,"minecraft:string":70,"minecraft:raw_copper":13,"minecraft:iron_leggings":1,"minecraft:pufferfish":1,"minecraft:zombie_head":2,"minecraft:sea_pickle":1,"minecraft:cobbled_deepslate":351,"minecraft:calcite":3,"minecraft:iron_pickaxe":7,"minecraft:furnace":7,"minecraft:stick":17,"minecraft:oak_fence":6,"minecraft:torch":48,"minecraft:green_bed":2,"minecraft:spruce_stairs":1,"minecraft:porkchop":29,"minecraft:diorite":1,"minecraft:rotten_flesh":120,"farmersdelight:rope":36,"minecraft:cod":2,"minecraft:snowball":42,"minecraft:cobblestone":133,"minecraft:birch_log":85,"minecraft:feather":4,"minecraft:cooked_beef":10,"minecraft:birch_slab":1,"minecraft:smoker":2,"minecraft:potato":10,"minecraft:flint":1,"minecraft:tuff":45,"minecraft:lapis_lazuli":53,"minecraft:dirt":208,"minecraft:lantern":16,"minecraft:leather_boots":1,"minecraft:bone":44,"minecraft:bow":12,"minecraft:stonecutter":2,"minecraft:wheat_seeds":7,"minecraft:raw_gold":12,"minecraft:oak_planks":40,"minecraft:cooked_porkchop":20,"minecraft:birch_fence_gate":1,"minecraft:grass_block":1,"minecraft:bundle":4,"minecraft:diamond":6,"minecraft:spruce_boat":16,"minecraft:granite":11,"minecraft:emerald":17,"minecraft:bread":14,"minecraft:oak_sapling":13,"minecraft:charcoal":2,"minecraft:crafting_table":9,"minecraft:chicken":1,"minecraft:leather_leggings":3,"gravestone:obituary":1,"minecraft:shield":1,"minecraft:oak_trapdoor":2,"minecraft:birch_fence":12,"aquaculture:pink_salmon":1,"aquaculture:bluegill":1,"minecraft:beef":40,"minecraft:iron_nugget":9,"minecraft:poppy":1,"minecraft:sugar_cane":15,"minecraft:chest":2,"minecraft:birch_sapling":17,"minecraft:egg":6,"minecraft:spruce_trapdoor":1,"minecraft:raw_iron":91,"minecraft:stripped_crimson_hyphae":3,"minecraft:oak_door":1,"aquaculture:driftwood":1,"ironchest:iron_chest":2,"minecraft:redstone":38,"minecraft:prismarine_crystals":1,"minecraft:tnt":3,"minecraft:arrow":35,"minecraft:cooked_cod":4,"minecraft:gold_ingot":8,"sophisticatedbackpacks:copper_backpack":1,"minecraft:mutton":18,"minecraft:glow_berries":2,"minecraft:rail":4,"minecraft:white_wool":11,"minecraft:bone_block":10,"minecraft:salmon":1,"minecraft:leather":14,"minecraft:filled_map":4,"minecraft:birch_planks":3,"minecraft:oak_log":55,"minecraft:cobbled_deepslate_stairs":10,"minecraft:gunpowder":26,"minecraft:cooked_mutton":23,"minecraft:apple":8,"minecraft:spruce_wood":9,"minecraft:heart_of_the_sea":1,"minecraft:iron_ingot":88,"minecraft:stone_pickaxe":1,"minecraft:cooked_chicken":4,"minecraft:iron_sword":5,"minecraft:book":117,"minecraft:smooth_basalt":1,"minecraft:pumpkin":4,"minecraft:sweet_berries":34,"minecraft:gravel":11,"minecraft:amethyst_shard":32,"minecraft:spruce_sapling":1,"minecraft:blast_furnace":1,"minecraft:white_bed":1,"minecraft:spruce_log":30,"minecraft:spider_eye":10,"minecraft:pumpkin_seeds":4,"minecraft:stone_axe":4,"minecraft:baked_potato":19,"minecraft:coal":289,"minecraft:ender_pearl":1,"minecraft:wooden_axe":3}},"DataVersion":3465}