{
  "takesapillage:root": {
    "criteria": {
      "always": "2024-06-18 20:09:01 +0000"
    },
    "done": true
  },
  "friendsandfoes:misc/yellow_dye_from_buttercup": {
    "criteria": {
      "has_the_recipe": "2024-06-18 20:09:01 +0000"
    },
    "done": true
  },
  "the_bumblezone:root": {
    "criteria": {
      "instant_granted": "2024-06-18 20:09:01 +0000"
    },
    "done": true
  },
  "the_bumblezone:wiki": {
    "criteria": {
      "instant_granted": "2024-06-18 20:09:01 +0000"
    },
    "done": true
  },
  "dungeons_arise:wda_root": {
    "criteria": {
      "WDA": "2024-06-18 20:09:01 +0000"
    },
    "done": true
  },
  "minecraft:adventure/adventuring_time": {
    "criteria": {
      "minecraft:taiga": "2024-06-18 20:09:02 +0000",
      "minecraft:frozen_river": "2024-06-19 04:08:17 +0000",
      "minecraft:beach": "2024-06-19 05:27:12 +0000",
      "minecraft:river": "2024-06-19 05:27:32 +0000",
      "minecraft:snowy_taiga": "2024-06-18 20:15:29 +0000",
      "minecraft:cold_ocean": "2024-06-19 05:26:34 +0000",
      "minecraft:lush_caves": "2024-06-19 03:50:10 +0000",
      "minecraft:deep_cold_ocean": "2024-06-19 05:26:14 +0000",
      "minecraft:frozen_ocean": "2024-06-18 21:32:19 +0000",
      "minecraft:deep_frozen_ocean": "2024-06-19 05:21:55 +0000",
      "minecraft:snowy_beach": "2024-06-18 20:16:27 +0000",
      "minecraft:plains": "2024-06-19 05:29:33 +0000"
    },
    "done": false
  },
  "farmersdelight:main/root": {
    "criteria": {
      "seeds": "2024-06-18 20:09:35 +0000"
    },
    "done": true
  },
  "minecraft:story/root": {
    "criteria": {
      "crafting_table": "2024-06-18 20:12:08 +0000"
    },
    "done": true
  },
  "minecraft:story/mine_stone": {
    "criteria": {
      "get_stone": "2024-06-18 20:12:15 +0000"
    },
    "done": true
  },
  "minecraft:story/upgrade_tools": {
    "criteria": {
      "stone_pickaxe": "2024-06-18 20:12:23 +0000"
    },
    "done": true
  },
  "minecraft:adventure/root": {
    "criteria": {
      "killed_something": "2024-06-18 20:16:12 +0000"
    },
    "done": true
  },
  "minecraft:adventure/kill_all_mobs": {
    "criteria": {
      "minecraft:skeleton": "2024-06-18 20:38:18 +0000",
      "minecraft:spider": "2024-06-18 20:39:38 +0000",
      "minecraft:evoker": "2024-06-18 22:24:25 +0000",
      "minecraft:wither_skeleton": "2024-06-18 22:21:09 +0000",
      "minecraft:cave_spider": "2024-06-18 22:40:24 +0000",
      "minecraft:stray": "2024-06-18 22:22:54 +0000",
      "minecraft:enderman": "2024-06-19 04:03:38 +0000",
      "minecraft:zombie": "2024-06-18 20:24:37 +0000"
    },
    "done": false
  },
  "minecraft:adventure/kill_a_mob": {
    "criteria": {
      "minecraft:zombie": "2024-06-18 20:24:37 +0000"
    },
    "done": true
  },
  "minecraft:husbandry/balanced_diet": {
    "criteria": {
      "cooked_porkchop": "2024-06-18 21:24:20 +0000",
      "cooked_mutton": "2024-06-18 22:35:18 +0000",
      "cooked_beef": "2024-06-18 20:36:52 +0000",
      "baked_potato": "2024-06-19 04:16:50 +0000",
      "porkchop": "2024-06-18 20:46:35 +0000",
      "apple": "2024-06-18 20:24:56 +0000",
      "mutton": "2024-06-18 20:47:47 +0000",
      "bread": "2024-06-18 21:48:19 +0000",
      "cooked_chicken": "2024-06-19 05:18:22 +0000"
    },
    "done": false
  },
  "minecraft:husbandry/root": {
    "criteria": {
      "consumed_item": "2024-06-18 20:24:56 +0000"
    },
    "done": true
  },
  "minecraft:story/iron_tools": {
    "criteria": {
      "iron_pickaxe": "2024-06-18 20:30:00 +0000"
    },
    "done": true
  },
  "minecraft:adventure/sleep_in_bed": {
    "criteria": {
      "slept_in_bed": "2024-06-18 21:06:09 +0000"
    },
    "done": true
  },
  "farmersdelight:main/place_campfire": {
    "criteria": {
      "campfire": "2024-06-18 21:22:43 +0000"
    },
    "done": true
  },
  "minecraft:story/smelt_iron": {
    "criteria": {
      "iron": "2024-06-18 21:23:27 +0000"
    },
    "done": true
  },
  "quark:get_all_corundum": {
    "criteria": {
      "white": "2024-06-18 21:46:53 +0000"
    },
    "done": false
  },
  "dungeons_arise:find_bathhouse": {
    "criteria": {
      "location0": "2024-06-18 22:10:24 +0000"
    },
    "done": true
  },
  "the_bumblezone:teleportation/is_near_beehive": {
    "criteria": {
      "is_near_beehive": "2024-06-18 22:10:35 +0000"
    },
    "done": true
  },
  "minecraft:story/obtain_armor": {
    "criteria": {
      "iron_boots": "2024-06-18 22:17:40 +0000"
    },
    "done": true
  },
  "friendsandfoes:adventure/the_magicians": {
    "criteria": {
      "killed_evoker": "2024-06-18 22:24:25 +0000"
    },
    "done": false
  },
  "friendsandfoes:adventure/complete_hide_and_seek_game": {
    "criteria": {
      "friendsandfoes:complete_hide_and_seek_game": "2024-06-19 04:17:45 +0000"
    },
    "done": true
  },
  "minecraft:story/mine_diamond": {
    "criteria": {
      "diamond": "2024-06-19 04:19:59 +0000"
    },
    "done": true
  },
  "dungeons_arise:find_lighthouse": {
    "criteria": {
      "location0": "2024-06-19 05:27:39 +0000"
    },
    "done": true
  },
  "DataVersion": 3465
}