{
  "takesapillage:root": {
    "criteria": {
      "always": "2024-06-19 05:10:31 +0000"
    },
    "done": true
  },
  "friendsandfoes:misc/yellow_dye_from_buttercup": {
    "criteria": {
      "has_the_recipe": "2024-06-19 05:10:31 +0000"
    },
    "done": true
  },
  "the_bumblezone:root": {
    "criteria": {
      "instant_granted": "2024-06-19 05:10:31 +0000"
    },
    "done": true
  },
  "the_bumblezone:wiki": {
    "criteria": {
      "instant_granted": "2024-06-19 05:10:31 +0000"
    },
    "done": true
  },
  "dungeons_arise:wda_root": {
    "criteria": {
      "WDA": "2024-06-19 05:10:31 +0000"
    },
    "done": true
  },
  "minecraft:adventure/adventuring_time": {
    "criteria": {
      "minecraft:taiga": "2024-06-19 05:10:32 +0000",
      "minecraft:beach": "2024-06-19 05:44:24 +0000",
      "minecraft:river": "2024-06-19 06:09:18 +0000",
      "minecraft:snowy_taiga": "2024-06-19 05:15:30 +0000",
      "minecraft:cold_ocean": "2024-06-19 05:33:12 +0000",
      "minecraft:forest": "2024-06-19 06:18:32 +0000",
      "minecraft:frozen_ocean": "2024-06-19 05:21:07 +0000",
      "minecraft:deep_frozen_ocean": "2024-06-19 05:30:28 +0000",
      "minecraft:snowy_beach": "2024-06-19 05:15:20 +0000",
      "minecraft:meadow": "2024-06-19 07:11:13 +0000",
      "minecraft:plains": "2024-06-19 05:44:47 +0000"
    },
    "done": false
  },
  "farmersdelight:main/root": {
    "criteria": {
      "seeds": "2024-06-19 05:11:30 +0000"
    },
    "done": true
  },
  "minecraft:story/root": {
    "criteria": {
      "crafting_table": "2024-06-19 05:12:55 +0000"
    },
    "done": true
  },
  "minecraft:story/mine_stone": {
    "criteria": {
      "get_stone": "2024-06-19 05:13:09 +0000"
    },
    "done": true
  },
  "minecraft:story/upgrade_tools": {
    "criteria": {
      "stone_pickaxe": "2024-06-19 05:13:32 +0000"
    },
    "done": true
  },
  "minecraft:adventure/root": {
    "criteria": {
      "killed_something": "2024-06-19 05:15:25 +0000"
    },
    "done": true
  },
  "minecraft:adventure/kill_all_mobs": {
    "criteria": {
      "minecraft:pillager": "2024-06-19 07:19:12 +0000",
      "minecraft:skeleton": "2024-06-19 05:52:27 +0000",
      "minecraft:spider": "2024-06-19 05:16:33 +0000",
      "minecraft:creeper": "2024-06-19 05:15:25 +0000",
      "minecraft:phantom": "2024-06-19 07:09:31 +0000",
      "minecraft:witch": "2024-06-19 06:16:35 +0000",
      "minecraft:piglin": "2024-06-19 06:47:44 +0000",
      "minecraft:enderman": "2024-06-19 05:48:25 +0000",
      "minecraft:zombie": "2024-06-19 05:18:29 +0000",
      "minecraft:zombie_villager": "2024-06-19 06:10:49 +0000"
    },
    "done": false
  },
  "minecraft:adventure/kill_a_mob": {
    "criteria": {
      "minecraft:creeper": "2024-06-19 05:15:25 +0000"
    },
    "done": true
  },
  "minecraft:husbandry/balanced_diet": {
    "criteria": {
      "cooked_porkchop": "2024-06-19 07:16:06 +0000",
      "sweet_berries": "2024-06-19 05:19:19 +0000",
      "cooked_beef": "2024-06-19 05:29:20 +0000",
      "bread": "2024-06-19 05:16:38 +0000"
    },
    "done": false
  },
  "minecraft:husbandry/root": {
    "criteria": {
      "consumed_item": "2024-06-19 05:16:38 +0000"
    },
    "done": true
  },
  "farmersdelight:main/plant_all_crops": {
    "criteria": {
      "sweet_berries": "2024-06-19 05:19:21 +0000",
      "potato": "2024-06-19 07:44:38 +0000",
      "wheat": "2024-06-19 07:42:36 +0000",
      "carrot": "2024-06-19 07:44:33 +0000"
    },
    "done": false
  },
  "minecraft:story/smelt_iron": {
    "criteria": {
      "iron": "2024-06-19 05:19:36 +0000"
    },
    "done": true
  },
  "minecraft:nether/root": {
    "criteria": {
      "entered_nether": "2024-06-19 06:47:09 +0000"
    },
    "done": true
  },
  "minecraft:husbandry/bred_all_animals": {
    "criteria": {
      "minecraft:cow": "2024-06-19 07:23:35 +0000"
    },
    "done": false
  },
  "minecraft:story/obtain_armor": {
    "criteria": {
      "iron_chestplate": "2024-06-19 06:02:46 +0000"
    },
    "done": true
  },
  "minecraft:adventure/sleep_in_bed": {
    "criteria": {
      "slept_in_bed": "2024-06-19 07:29:51 +0000"
    },
    "done": true
  },
  "minecraft:story/lava_bucket": {
    "criteria": {
      "lava_bucket": "2024-06-19 06:44:55 +0000"
    },
    "done": true
  },
  "minecraft:story/enter_the_nether": {
    "criteria": {
      "entered_nether": "2024-06-19 06:47:09 +0000"
    },
    "done": true
  },
  "minecraft:adventure/voluntary_exile": {
    "criteria": {
      "voluntary_exile": "2024-06-19 07:19:12 +0000"
    },
    "done": true
  },
  "minecraft:story/mine_diamond": {
    "criteria": {
      "diamond": "2024-06-19 06:20:41 +0000"
    },
    "done": true
  },
  "minecraft:story/deflect_arrow": {
    "criteria": {
      "deflected_projectile": "2024-06-19 06:04:26 +0000"
    },
    "done": true
  },
  "the_bumblezone:teleportation/is_near_beehive": {
    "criteria": {
      "is_near_beehive": "2024-06-19 06:04:13 +0000"
    },
    "done": true
  },
  "minecraft:story/iron_tools": {
    "criteria": {
      "iron_pickaxe": "2024-06-19 06:01:19 +0000"
    },
    "done": true
  },
  "minecraft:husbandry/plant_seed": {
    "criteria": {
      "wheat": "2024-06-19 07:42:36 +0000"
    },
    "done": true
  },
  "minecraft:husbandry/breed_an_animal": {
    "criteria": {
      "bred": "2024-06-19 07:23:35 +0000"
    },
    "done": true
  },
  "minecraft:nether/explore_nether": {
    "criteria": {
      "minecraft:crimson_forest": "2024-06-19 06:47:16 +0000"
    },
    "done": false
  },
  "DataVersion": 3465
}