{
  "takesapillage:root": {
    "criteria": {
      "always": "2024-06-17 22:33:24 +0000"
    },
    "done": true
  },
  "friendsandfoes:misc/yellow_dye_from_buttercup": {
    "criteria": {
      "has_the_recipe": "2024-06-17 22:33:24 +0000"
    },
    "done": true
  },
  "the_bumblezone:root": {
    "criteria": {
      "instant_granted": "2024-06-17 22:33:24 +0000"
    },
    "done": true
  },
  "the_bumblezone:wiki": {
    "criteria": {
      "instant_granted": "2024-06-17 22:33:24 +0000"
    },
    "done": true
  },
  "dungeons_arise:wda_root": {
    "criteria": {
      "WDA": "2024-06-17 22:33:24 +0000"
    },
    "done": true
  },
  "minecraft:adventure/adventuring_time": {
    "criteria": {
      "minecraft:beach": "2024-06-17 22:33:25 +0000",
      "minecraft:sparse_jungle": "2024-06-18 00:52:17 +0000",
      "minecraft:lukewarm_ocean": "2024-06-17 23:45:07 +0000",
      "minecraft:river": "2024-06-17 23:48:13 +0000",
      "minecraft:forest": "2024-06-17 22:33:56 +0000",
      "minecraft:desert": "2024-06-18 01:14:15 +0000",
      "minecraft:jungle": "2024-06-18 00:02:03 +0000",
      "minecraft:savanna": "2024-06-18 00:47:37 +0000",
      "minecraft:plains": "2024-06-17 23:48:29 +0000"
    },
    "done": false
  },
  "dungeons_arise:find_undead_pirate_ship": {
    "criteria": {
      "location0": "2024-06-17 22:34:01 +0000"
    },
    "done": true
  },
  "farmersdelight:main/root": {
    "criteria": {
      "seeds": "2024-06-17 23:43:01 +0000"
    },
    "done": true
  },
  "minecraft:story/root": {
    "criteria": {
      "crafting_table": "2024-06-17 23:44:27 +0000"
    },
    "done": true
  },
  "minecraft:adventure/root": {
    "criteria": {
      "killed_something": "2024-06-17 23:45:30 +0000"
    },
    "done": true
  },
  "minecraft:adventure/kill_all_mobs": {
    "criteria": {
      "minecraft:skeleton": "2024-06-17 23:45:30 +0000",
      "minecraft:spider": "2024-06-18 00:09:41 +0000",
      "minecraft:creeper": "2024-06-18 01:12:54 +0000",
      "quark:forgotten": "2024-06-18 04:55:38 +0000",
      "minecraft:husk": "2024-06-18 01:15:28 +0000",
      "minecraft:enderman": "2024-06-18 01:12:38 +0000",
      "minecraft:silverfish": "2024-06-18 01:00:49 +0000",
      "minecraft:zombie": "2024-06-17 23:50:46 +0000"
    },
    "done": false
  },
  "minecraft:adventure/kill_a_mob": {
    "criteria": {
      "minecraft:skeleton": "2024-06-17 23:45:30 +0000"
    },
    "done": true
  },
  "dungeons_arise:find_wishing_well": {
    "criteria": {
      "location0": "2024-06-17 23:48:24 +0000"
    },
    "done": true
  },
  "the_bumblezone:teleportation/is_near_beehive": {
    "criteria": {
      "is_near_beehive": "2024-06-17 23:49:05 +0000"
    },
    "done": true
  },
  "minecraft:husbandry/balanced_diet": {
    "criteria": {
      "cooked_porkchop": "2024-06-18 01:36:40 +0000",
      "cooked_mutton": "2024-06-18 04:43:09 +0000",
      "cooked_beef": "2024-06-18 05:20:46 +0000",
      "porkchop": "2024-06-17 23:51:27 +0000",
      "mutton": "2024-06-17 23:51:01 +0000",
      "bread": "2024-06-17 23:53:29 +0000",
      "cooked_chicken": "2024-06-18 00:34:15 +0000"
    },
    "done": false
  },
  "minecraft:husbandry/root": {
    "criteria": {
      "consumed_item": "2024-06-17 23:51:01 +0000"
    },
    "done": true
  },
  "minecraft:story/mine_stone": {
    "criteria": {
      "get_stone": "2024-06-17 23:56:07 +0000"
    },
    "done": true
  },
  "minecraft:story/smelt_iron": {
    "criteria": {
      "iron": "2024-06-17 23:56:42 +0000"
    },
    "done": true
  },
  "minecraft:story/upgrade_tools": {
    "criteria": {
      "stone_pickaxe": "2024-06-17 23:58:47 +0000"
    },
    "done": true
  },
  "minecraft:story/iron_tools": {
    "criteria": {
      "iron_pickaxe": "2024-06-18 00:03:29 +0000"
    },
    "done": true
  },
  "minecraft:husbandry/tame_an_animal": {
    "criteria": {
      "tamed_animal": "2024-06-18 00:46:35 +0000"
    },
    "done": true
  },
  "minecraft:adventure/sleep_in_bed": {
    "criteria": {
      "slept_in_bed": "2024-06-18 00:55:42 +0000"
    },
    "done": true
  },
  "minecraft:story/obtain_armor": {
    "criteria": {
      "iron_boots": "2024-06-18 00:58:33 +0000"
    },
    "done": true
  },
  "minecraft:story/mine_diamond": {
    "criteria": {
      "diamond": "2024-06-18 00:58:43 +0000"
    },
    "done": true
  },
  "friendsandfoes:adventure/it_bites": {
    "criteria": {
      "killed_mauler": "2024-06-18 01:15:59 +0000"
    },
    "done": true
  },
  "quark:get_forgotten_hat": {
    "criteria": {
      "get_forgotten_hat": "2024-06-18 04:55:39 +0000"
    },
    "done": true
  },
  "minecraft:adventure/shoot_arrow": {
    "criteria": {
      "shot_arrow": "2024-06-18 05:19:01 +0000"
    },
    "done": true
  },
  "DataVersion": 3465
}