{
  "friendsandfoes:misc/yellow_dye_from_buttercup": {
    "criteria": {
      "has_the_recipe": "2024-06-18 19:52:36 +0000"
    },
    "done": true
  },
  "takesapillage:root": {
    "criteria": {
      "always": "2024-06-18 19:52:37 +0000"
    },
    "done": true
  },
  "the_bumblezone:root": {
    "criteria": {
      "instant_granted": "2024-06-18 19:52:37 +0000"
    },
    "done": true
  },
  "the_bumblezone:wiki": {
    "criteria": {
      "instant_granted": "2024-06-18 19:52:37 +0000"
    },
    "done": true
  },
  "dungeons_arise:wda_root": {
    "criteria": {
      "WDA": "2024-06-18 19:52:37 +0000"
    },
    "done": true
  },
  "minecraft:adventure/adventuring_time": {
    "criteria": {
      "minecraft:taiga": "2024-06-18 19:52:38 +0000",
      "minecraft:frozen_river": "2024-06-18 21:37:48 +0000",
      "quark:glimmering_weald": "2024-06-20 02:58:04 +0000",
      "minecraft:cherry_grove": "2024-06-23 03:24:34 +0000",
      "minecraft:beach": "2024-06-19 05:27:12 +0000",
      "minecraft:river": "2024-06-19 05:27:33 +0000",
      "minecraft:snowy_plains": "2024-06-18 21:37:59 +0000",
      "minecraft:snowy_taiga": "2024-06-18 20:04:43 +0000",
      "minecraft:dripstone_caves": "2024-06-23 01:38:17 +0000",
      "minecraft:cold_ocean": "2024-06-19 05:26:35 +0000",
      "minecraft:forest": "2024-06-19 06:35:02 +0000",
      "minecraft:lush_caves": "2024-06-18 20:33:38 +0000",
      "minecraft:deep_cold_ocean": "2024-06-19 05:26:15 +0000",
      "minecraft:frozen_ocean": "2024-06-18 19:53:24 +0000",
      "minecraft:deep_frozen_ocean": "2024-06-18 21:43:06 +0000",
      "minecraft:snowy_beach": "2024-06-18 19:53:45 +0000",
      "minecraft:meadow": "2024-06-19 06:33:02 +0000",
      "minecraft:plains": "2024-06-19 05:27:32 +0000"
    },
    "done": false
  },
  "farmersdelight:main/root": {
    "criteria": {
      "seeds": "2024-06-18 19:53:54 +0000"
    },
    "done": true
  },
  "minecraft:story/root": {
    "criteria": {
      "crafting_table": "2024-06-18 19:54:06 +0000"
    },
    "done": true
  },
  "minecraft:story/mine_stone": {
    "criteria": {
      "get_stone": "2024-06-18 19:56:15 +0000"
    },
    "done": true
  },
  "minecraft:story/upgrade_tools": {
    "criteria": {
      "stone_pickaxe": "2024-06-18 19:57:15 +0000"
    },
    "done": true
  },
  "minecraft:adventure/root": {
    "criteria": {
      "killed_something": "2024-06-18 19:57:57 +0000"
    },
    "done": true
  },
  "minecraft:husbandry/balanced_diet": {
    "criteria": {
      "cooked_porkchop": "2024-06-18 22:05:57 +0000",
      "cooked_mutton": "2024-06-18 20:03:08 +0000",
      "cooked_beef": "2024-06-18 20:32:48 +0000",
      "baked_potato": "2024-06-18 22:31:49 +0000",
      "apple": "2024-06-18 20:04:37 +0000",
      "cooked_cod": "2024-06-19 05:59:01 +0000",
      "mutton": "2024-06-18 22:24:55 +0000",
      "bread": "2024-06-19 03:51:44 +0000",
      "golden_apple": "2024-06-19 04:13:16 +0000",
      "cooked_chicken": "2024-06-18 21:01:32 +0000",
      "cooked_salmon": "2024-06-23 03:14:12 +0000"
    },
    "done": false
  },
  "minecraft:husbandry/root": {
    "criteria": {
      "consumed_item": "2024-06-18 20:03:08 +0000"
    },
    "done": true
  },
  "minecraft:adventure/kill_all_mobs": {
    "criteria": {
      "minecraft:pillager": "2024-06-18 21:45:25 +0000",
      "minecraft:skeleton": "2024-06-18 20:03:35 +0000",
      "minecraft:vindicator": "2024-06-18 21:32:05 +0000",
      "minecraft:spider": "2024-06-18 20:04:25 +0000",
      "minecraft:creeper": "2024-06-19 04:00:50 +0000",
      "minecraft:slime": "2024-06-23 01:15:53 +0000",
      "minecraft:phantom": "2024-06-19 05:19:09 +0000",
      "minecraft:witch": "2024-06-24 00:53:01 +0000",
      "minecraft:wither_skeleton": "2024-06-18 22:21:11 +0000",
      "minecraft:cave_spider": "2024-06-18 22:09:35 +0000",
      "minecraft:stray": "2024-06-18 22:21:29 +0000",
      "minecraft:enderman": "2024-06-19 07:11:58 +0000",
      "minecraft:zombie": "2024-06-18 20:03:45 +0000",
      "minecraft:zombie_villager": "2024-06-18 20:04:27 +0000"
    },
    "done": false
  },
  "minecraft:adventure/kill_a_mob": {
    "criteria": {
      "minecraft:skeleton": "2024-06-18 20:03:35 +0000"
    },
    "done": true
  },
  "minecraft:story/smelt_iron": {
    "criteria": {
      "iron": "2024-06-18 20:29:11 +0000"
    },
    "done": true
  },
  "minecraft:story/iron_tools": {
    "criteria": {
      "iron_pickaxe": "2024-06-18 20:29:21 +0000"
    },
    "done": true
  },
  "dungeons_arise:find_illager_corsair_or_illager_galley": {
    "criteria": {
      "location1": "2024-06-18 21:07:39 +0000"
    },
    "done": true
  },
  "farmersdelight:main/get_fd_seed": {
    "criteria": {
      "cabbage_seeds": "2024-06-18 21:08:39 +0000"
    },
    "done": true
  },
  "minecraft:adventure/sleep_in_bed": {
    "criteria": {
      "slept_in_bed": "2024-06-18 21:10:15 +0000"
    },
    "done": true
  },
  "minecraft:story/obtain_armor": {
    "criteria": {
      "iron_chestplate": "2024-06-18 21:56:34 +0000"
    },
    "done": true
  },
  "farmersdelight:main/place_campfire": {
    "criteria": {
      "campfire": "2024-06-18 21:58:27 +0000"
    },
    "done": true
  },
  "friendsandfoes:adventure/complete_hide_and_seek_game": {
    "criteria": {
      "friendsandfoes:complete_hide_and_seek_game": "2024-06-18 22:00:07 +0000"
    },
    "done": true
  },
  "minecraft:adventure/shoot_arrow": {
    "criteria": {
      "shot_arrow": "2024-06-18 22:24:21 +0000"
    },
    "done": true
  },
  "minecraft:story/mine_diamond": {
    "criteria": {
      "diamond": "2024-06-18 22:33:32 +0000"
    },
    "done": true
  },
  "quark:get_diamond_heart": {
    "criteria": {
      "get_diamond_heart": "2024-06-19 04:24:36 +0000"
    },
    "done": true
  },
  "quark:make_stoneling": {
    "criteria": {
      "make_stoneling": "2024-06-19 04:42:27 +0000"
    },
    "done": true
  },
  "dungeons_arise:find_bathhouse": {
    "criteria": {
      "location0": "2024-06-19 05:12:54 +0000"
    },
    "done": true
  },
  "the_bumblezone:teleportation/is_near_beehive": {
    "criteria": {
      "is_near_beehive": "2024-06-19 05:13:07 +0000"
    },
    "done": true
  },
  "minecraft:story/deflect_arrow": {
    "criteria": {
      "deflected_projectile": "2024-06-19 05:17:47 +0000"
    },
    "done": true
  },
  "dungeons_arise:find_lighthouse": {
    "criteria": {
      "location0": "2024-06-19 05:27:39 +0000"
    },
    "done": true
  },
  "minecraft:husbandry/fishy_business": {
    "criteria": {
      "pufferfish": "2024-06-19 07:34:04 +0000"
    },
    "done": true
  },
  "dungeons_arise:find_coliseum": {
    "criteria": {
      "location0": "2024-06-19 22:17:41 +0000"
    },
    "done": true
  },
  "quark:get_all_corundum": {
    "criteria": {
      "indigo": "2024-06-20 02:50:41 +0000"
    },
    "done": false
  },
  "minecraft:story/form_obsidian": {
    "criteria": {
      "obsidian": "2024-06-23 02:47:58 +0000"
    },
    "done": true
  },
  "minecraft:story/enchant_item": {
    "criteria": {
      "enchanted_item": "2024-06-23 03:07:01 +0000"
    },
    "done": true
  },
  "minecraft:adventure/voluntary_exile": {
    "criteria": {
      "voluntary_exile": "2024-06-23 03:16:46 +0000"
    },
    "done": true
  },
  "minecraft:husbandry/tame_an_animal": {
    "criteria": {
      "tamed_animal": "2024-06-23 03:22:49 +0000"
    },
    "done": true
  },
  "dungeons_arise:find_mechanical_nest": {
    "criteria": {
      "location0": "2024-06-23 03:31:12 +0000"
    },
    "done": true
  },
  "minecraft:story/lava_bucket": {
    "criteria": {
      "lava_bucket": "2024-06-24 01:02:16 +0000"
    },
    "done": true
  },
  "DataVersion": 3465
}